REPORTER_LAB,PARTNER_LAB,PRODUCT,PRODUCT_LAB,FLOW,FLOW_LAB,STAT_PROCEDURE,STAT_PROCEDURE_LAB,PERIOD,PERIOD_LAB,INDICATORS,INDICATORS_LAB,INDICATOR_VALUE
"European Union (AT-01/1995, BE-01/1958, BG-01/2007, CY-05/2004, CZ-05/2004, DE-01/1958, DK-01/1973, EE-05/2004, ES-01/1986, FI-01/1995, FR-01/1958, GB-01/1973->01/2020, GR-01/1981, HR-07/2013, HU-05/2004, IE-01/1973, IT-01/1958, LT-05/2004, LU-01/1958, LV-05/2004, MT-05/2004, NL-01/1958, PL-05/2004, PT-01/1986, RO-01/2007, SE-01/1995, SI-05/2004, SK-05/2004)","Extra-EU",28053030,"Europium, gadolinium, terbium, dysprosium, holmium, erbium, thulium, ytterbium, lutetium and yttrium, of a purity by weight of >=95% (excl. intermixtures and interalloys)",1,"IMPORT",1,"Normal",201652,"Jan.-Dec. 2016",VALUE_IN_EUR,"VALUE_IN_EUR",1193435
"European Union (AT-01/1995, BE-01/1958, BG-01/2007, CY-05/2004, CZ-05/2004, DE-01/1958, DK-01/1973, EE-05/2004, ES-01/1986, FI-01/1995, FR-01/1958, GB-01/1973->01/2020, GR-01/1981, HR-07/2013, HU-05/2004, IE-01/1973, IT-01/1958, LT-05/2004, LU-01/1958, LV-05/2004, MT-05/2004, NL-01/1958, PL-05/2004, PT-01/1986, RO-01/2007, SE-01/1995, SI-05/2004, SK-05/2004)","Extra-EU",28053030,"Europium, gadolinium, terbium, dysprosium, holmium, erbium, thulium, ytterbium, lutetium and yttrium, of a purity by weight of >=95% (excl. intermixtures and interalloys)",1,"IMPORT",1,"Normal",201652,"Jan.-Dec. 2016",QUANTITY_IN_KG,"QUANTITY_IN_KG",21437
"European Union (AT-01/1995, BE-01/1958, BG-01/2007, CY-05/2004, CZ-05/2004, DE-01/1958, DK-01/1973, EE-05/2004, ES-01/1986, FI-01/1995, FR-01/1958, GB-01/1973->01/2020, GR-01/1981, HR-07/2013, HU-05/2004, IE-01/1973, IT-01/1958, LT-05/2004, LU-01/1958, LV-05/2004, MT-05/2004, NL-01/1958, PL-05/2004, PT-01/1986, RO-01/2007, SE-01/1995, SI-05/2004, SK-05/2004)","Extra-EU",28053030,"Europium, gadolinium, terbium, dysprosium, holmium, erbium, thulium, ytterbium, lutetium and yttrium, of a purity by weight of >=95% (excl. intermixtures and interalloys)",1,"IMPORT",1,"Normal",201752,"Jan.-Dec. 2017",VALUE_IN_EUR,"VALUE_IN_EUR",1330275
"European Union (AT-01/1995, BE-01/1958, BG-01/2007, CY-05/2004, CZ-05/2004, DE-01/1958, DK-01/1973, EE-05/2004, ES-01/1986, FI-01/1995, FR-01/1958, GB-01/1973->01/2020, GR-01/1981, HR-07/2013, HU-05/2004, IE-01/1973, IT-01/1958, LT-05/2004, LU-01/1958, LV-05/2004, MT-05/2004, NL-01/1958, PL-05/2004, PT-01/1986, RO-01/2007, SE-01/1995, SI-05/2004, SK-05/2004)","Extra-EU",28053030,"Europium, gadolinium, terbium, dysprosium, holmium, erbium, thulium, ytterbium, lutetium and yttrium, of a purity by weight of >=95% (excl. intermixtures and interalloys)",1,"IMPORT",1,"Normal",201752,"Jan.-Dec. 2017",QUANTITY_IN_KG,"QUANTITY_IN_KG",26213
"European Union (AT-01/1995, BE-01/1958, BG-01/2007, CY-05/2004, CZ-05/2004, DE-01/1958, DK-01/1973, EE-05/2004, ES-01/1986, FI-01/1995, FR-01/1958, GB-01/1973->01/2020, GR-01/1981, HR-07/2013, HU-05/2004, IE-01/1973, IT-01/1958, LT-05/2004, LU-01/1958, LV-05/2004, MT-05/2004, NL-01/1958, PL-05/2004, PT-01/1986, RO-01/2007, SE-01/1995, SI-05/2004, SK-05/2004)","Extra-EU",28053030,"Europium, gadolinium, terbium, dysprosium, holmium, erbium, thulium, ytterbium, lutetium and yttrium, of a purity by weight of >=95% (excl. intermixtures and interalloys)",1,"IMPORT",1,"Normal",201852,"Jan.-Dec. 2018",VALUE_IN_EUR,"VALUE_IN_EUR",1422528
"European Union (AT-01/1995, BE-01/1958, BG-01/2007, CY-05/2004, CZ-05/2004, DE-01/1958, DK-01/1973, EE-05/2004, ES-01/1986, FI-01/1995, FR-01/1958, GB-01/1973->01/2020, GR-01/1981, HR-07/2013, HU-05/2004, IE-01/1973, IT-01/1958, LT-05/2004, LU-01/1958, LV-05/2004, MT-05/2004, NL-01/1958, PL-05/2004, PT-01/1986, RO-01/2007, SE-01/1995, SI-05/2004, SK-05/2004)","Extra-EU",28053030,"Europium, gadolinium, terbium, dysprosium, holmium, erbium, thulium, ytterbium, lutetium and yttrium, of a purity by weight of >=95% (excl. intermixtures and interalloys)",1,"IMPORT",1,"Normal",201852,"Jan.-Dec. 2018",QUANTITY_IN_KG,"QUANTITY_IN_KG",27845
"European Union (AT-01/1995, BE-01/1958, BG-01/2007, CY-05/2004, CZ-05/2004, DE-01/1958, DK-01/1973, EE-05/2004, ES-01/1986, FI-01/1995, FR-01/1958, GB-01/1973->01/2020, GR-01/1981, HR-07/2013, HU-05/2004, IE-01/1973, IT-01/1958, LT-05/2004, LU-01/1958, LV-05/2004, MT-05/2004, NL-01/1958, PL-05/2004, PT-01/1986, RO-01/2007, SE-01/1995, SI-05/2004, SK-05/2004)","Extra-EU",28053030,"Europium, gadolinium, terbium, dysprosium, holmium, erbium, thulium, ytterbium, lutetium and yttrium, of a purity by weight of >=95% (excl. intermixtures and interalloys)",1,"IMPORT",1,"Normal",201952,"Jan.-Dec. 2019",VALUE_IN_EUR,"VALUE_IN_EUR",3396572
"European Union (AT-01/1995, BE-01/1958, BG-01/2007, CY-05/2004, CZ-05/2004, DE-01/1958, DK-01/1973, EE-05/2004, ES-01/1986, FI-01/1995, FR-01/1958, GB-01/1973->01/2020, GR-01/1981, HR-07/2013, HU-05/2004, IE-01/1973, IT-01/1958, LT-05/2004, LU-01/1958, LV-05/2004, MT-05/2004, NL-01/1958, PL-05/2004, PT-01/1986, RO-01/2007, SE-01/1995, SI-05/2004, SK-05/2004)","Extra-EU",28053030,"Europium, gadolinium, terbium, dysprosium, holmium, erbium, thulium, ytterbium, lutetium and yttrium, of a purity by weight of >=95% (excl. intermixtures and interalloys)",1,"IMPORT",1,"Normal",201952,"Jan.-Dec. 2019",QUANTITY_IN_KG,"QUANTITY_IN_KG",68864
"European Union (AT-01/1995, BE-01/1958, BG-01/2007, CY-05/2004, CZ-05/2004, DE-01/1958, DK-01/1973, EE-05/2004, ES-01/1986, FI-01/1995, FR-01/1958, GB-01/1973->01/2020, GR-01/1981, HR-07/2013, HU-05/2004, IE-01/1973, IT-01/1958, LT-05/2004, LU-01/1958, LV-05/2004, MT-05/2004, NL-01/1958, PL-05/2004, PT-01/1986, RO-01/2007, SE-01/1995, SI-05/2004, SK-05/2004)","Extra-EU",28053030,"Europium, gadolinium, terbium, dysprosium, holmium, erbium, thulium, ytterbium, lutetium and yttrium, of a purity by weight of >=95% (excl. intermixtures and interalloys)",1,"IMPORT",1,"Normal",202052,"Jan.-Dec. 2020",VALUE_IN_EUR,"VALUE_IN_EUR",480991
"European Union (AT-01/1995, BE-01/1958, BG-01/2007, CY-05/2004, CZ-05/2004, DE-01/1958, DK-01/1973, EE-05/2004, ES-01/1986, FI-01/1995, FR-01/1958, GB-01/1973->01/2020, GR-01/1981, HR-07/2013, HU-05/2004, IE-01/1973, IT-01/1958, LT-05/2004, LU-01/1958, LV-05/2004, MT-05/2004, NL-01/1958, PL-05/2004, PT-01/1986, RO-01/2007, SE-01/1995, SI-05/2004, SK-05/2004)","Extra-EU",28053030,"Europium, gadolinium, terbium, dysprosium, holmium, erbium, thulium, ytterbium, lutetium and yttrium, of a purity by weight of >=95% (excl. intermixtures and interalloys)",1,"IMPORT",1,"Normal",202052,"Jan.-Dec. 2020",QUANTITY_IN_KG,"QUANTITY_IN_KG",4330
"European Union (AT-01/1995, BE-01/1958, BG-01/2007, CY-05/2004, CZ-05/2004, DE-01/1958, DK-01/1973, EE-05/2004, ES-01/1986, FI-01/1995, FR-01/1958, GB-01/1973->01/2020, GR-01/1981, HR-07/2013, HU-05/2004, IE-01/1973, IT-01/1958, LT-05/2004, LU-01/1958, LV-05/2004, MT-05/2004, NL-01/1958, PL-05/2004, PT-01/1986, RO-01/2007, SE-01/1995, SI-05/2004, SK-05/2004)","Extra-EU",28053030,"Europium, gadolinium, terbium, dysprosium, holmium, erbium, thulium, ytterbium, lutetium and yttrium, of a purity by weight of >=95% (excl. intermixtures and interalloys)",1,"IMPORT",1,"Normal",202152,"Jan.-Dec. 2021",VALUE_IN_EUR,"VALUE_IN_EUR",475263
"European Union (AT-01/1995, BE-01/1958, BG-01/2007, CY-05/2004, CZ-05/2004, DE-01/1958, DK-01/1973, EE-05/2004, ES-01/1986, FI-01/1995, FR-01/1958, GB-01/1973->01/2020, GR-01/1981, HR-07/2013, HU-05/2004, IE-01/1973, IT-01/1958, LT-05/2004, LU-01/1958, LV-05/2004, MT-05/2004, NL-01/1958, PL-05/2004, PT-01/1986, RO-01/2007, SE-01/1995, SI-05/2004, SK-05/2004)","Extra-EU",28053030,"Europium, gadolinium, terbium, dysprosium, holmium, erbium, thulium, ytterbium, lutetium and yttrium, of a purity by weight of >=95% (excl. intermixtures and interalloys)",1,"IMPORT",1,"Normal",202152,"Jan.-Dec. 2021",QUANTITY_IN_KG,"QUANTITY_IN_KG",10496
"European Union (AT-01/1995, BE-01/1958, BG-01/2007, CY-05/2004, CZ-05/2004, DE-01/1958, DK-01/1973, EE-05/2004, ES-01/1986, FI-01/1995, FR-01/1958, GB-01/1973->01/2020, GR-01/1981, HR-07/2013, HU-05/2004, IE-01/1973, IT-01/1958, LT-05/2004, LU-01/1958, LV-05/2004, MT-05/2004, NL-01/1958, PL-05/2004, PT-01/1986, RO-01/2007, SE-01/1995, SI-05/2004, SK-05/2004)","Extra-EU",28053030,"Europium, gadolinium, terbium, dysprosium, holmium, erbium, thulium, ytterbium, lutetium and yttrium, of a purity by weight of >=95% (excl. intermixtures and interalloys)",1,"IMPORT",1,"Normal",202252,"Jan.-Dec. 2022",VALUE_IN_EUR,"VALUE_IN_EUR",1315762
"European Union (AT-01/1995, BE-01/1958, BG-01/2007, CY-05/2004, CZ-05/2004, DE-01/1958, DK-01/1973, EE-05/2004, ES-01/1986, FI-01/1995, FR-01/1958, GB-01/1973->01/2020, GR-01/1981, HR-07/2013, HU-05/2004, IE-01/1973, IT-01/1958, LT-05/2004, LU-01/1958, LV-05/2004, MT-05/2004, NL-01/1958, PL-05/2004, PT-01/1986, RO-01/2007, SE-01/1995, SI-05/2004, SK-05/2004)","Extra-EU",28053030,"Europium, gadolinium, terbium, dysprosium, holmium, erbium, thulium, ytterbium, lutetium and yttrium, of a purity by weight of >=95% (excl. intermixtures and interalloys)",1,"IMPORT",1,"Normal",202252,"Jan.-Dec. 2022",QUANTITY_IN_KG,"QUANTITY_IN_KG",16029
"European Union (AT-01/1995, BE-01/1958, BG-01/2007, CY-05/2004, CZ-05/2004, DE-01/1958, DK-01/1973, EE-05/2004, ES-01/1986, FI-01/1995, FR-01/1958, GB-01/1973->01/2020, GR-01/1981, HR-07/2013, HU-05/2004, IE-01/1973, IT-01/1958, LT-05/2004, LU-01/1958, LV-05/2004, MT-05/2004, NL-01/1958, PL-05/2004, PT-01/1986, RO-01/2007, SE-01/1995, SI-05/2004, SK-05/2004)","Extra-EU",28042910,"Helium",1,"IMPORT",1,"Normal",200252,"Jan.-Dec. 2002",VALUE_IN_EUR,"VALUE_IN_EUR",94507904
"European Union (AT-01/1995, BE-01/1958, BG-01/2007, CY-05/2004, CZ-05/2004, DE-01/1958, DK-01/1973, EE-05/2004, ES-01/1986, FI-01/1995, FR-01/1958, GB-01/1973->01/2020, GR-01/1981, HR-07/2013, HU-05/2004, IE-01/1973, IT-01/1958, LT-05/2004, LU-01/1958, LV-05/2004, MT-05/2004, NL-01/1958, PL-05/2004, PT-01/1986, RO-01/2007, SE-01/1995, SI-05/2004, SK-05/2004)","Extra-EU",28042910,"Helium",1,"IMPORT",1,"Normal",200252,"Jan.-Dec. 2002",QUANTITY_IN_KG,"QUANTITY_IN_KG",8454500
"European Union (AT-01/1995, BE-01/1958, BG-01/2007, CY-05/2004, CZ-05/2004, DE-01/1958, DK-01/1973, EE-05/2004, ES-01/1986, FI-01/1995, FR-01/1958, GB-01/1973->01/2020, GR-01/1981, HR-07/2013, HU-05/2004, IE-01/1973, IT-01/1958, LT-05/2004, LU-01/1958, LV-05/2004, MT-05/2004, NL-01/1958, PL-05/2004, PT-01/1986, RO-01/2007, SE-01/1995, SI-05/2004, SK-05/2004)","Extra-EU",28042910,"Helium",1,"IMPORT",1,"Normal",200352,"Jan.-Dec. 2003",VALUE_IN_EUR,"VALUE_IN_EUR",86331554
"European Union (AT-01/1995, BE-01/1958, BG-01/2007, CY-05/2004, CZ-05/2004, DE-01/1958, DK-01/1973, EE-05/2004, ES-01/1986, FI-01/1995, FR-01/1958, GB-01/1973->01/2020, GR-01/1981, HR-07/2013, HU-05/2004, IE-01/1973, IT-01/1958, LT-05/2004, LU-01/1958, LV-05/2004, MT-05/2004, NL-01/1958, PL-05/2004, PT-01/1986, RO-01/2007, SE-01/1995, SI-05/2004, SK-05/2004)","Extra-EU",28042910,"Helium",1,"IMPORT",1,"Normal",200352,"Jan.-Dec. 2003",QUANTITY_IN_KG,"QUANTITY_IN_KG",9462800
"European Union (AT-01/1995, BE-01/1958, BG-01/2007, CY-05/2004, CZ-05/2004, DE-01/1958, DK-01/1973, EE-05/2004, ES-01/1986, FI-01/1995, FR-01/1958, GB-01/1973->01/2020, GR-01/1981, HR-07/2013, HU-05/2004, IE-01/1973, IT-01/1958, LT-05/2004, LU-01/1958, LV-05/2004, MT-05/2004, NL-01/1958, PL-05/2004, PT-01/1986, RO-01/2007, SE-01/1995, SI-05/2004, SK-05/2004)","Extra-EU",28042910,"Helium",1,"IMPORT",1,"Normal",200452,"Jan.-Dec. 2004",VALUE_IN_EUR,"VALUE_IN_EUR",82868817
"European Union (AT-01/1995, BE-01/1958, BG-01/2007, CY-05/2004, CZ-05/2004, DE-01/1958, DK-01/1973, EE-05/2004, ES-01/1986, FI-01/1995, FR-01/1958, GB-01/1973->01/2020, GR-01/1981, HR-07/2013, HU-05/2004, IE-01/1973, IT-01/1958, LT-05/2004, LU-01/1958, LV-05/2004, MT-05/2004, NL-01/1958, PL-05/2004, PT-01/1986, RO-01/2007, SE-01/1995, SI-05/2004, SK-05/2004)","Extra-EU",28042910,"Helium",1,"IMPORT",1,"Normal",200452,"Jan.-Dec. 2004",QUANTITY_IN_KG,"QUANTITY_IN_KG",8851700
"European Union (AT-01/1995, BE-01/1958, BG-01/2007, CY-05/2004, CZ-05/2004, DE-01/1958, DK-01/1973, EE-05/2004, ES-01/1986, FI-01/1995, FR-01/1958, GB-01/1973->01/2020, GR-01/1981, HR-07/2013, HU-05/2004, IE-01/1973, IT-01/1958, LT-05/2004, LU-01/1958, LV-05/2004, MT-05/2004, NL-01/1958, PL-05/2004, PT-01/1986, RO-01/2007, SE-01/1995, SI-05/2004, SK-05/2004)","Extra-EU",28042910,"Helium",1,"IMPORT",1,"Normal",200552,"Jan.-Dec. 2005",VALUE_IN_EUR,"VALUE_IN_EUR",84511390
"European Union (AT-01/1995, BE-01/1958, BG-01/2007, CY-05/2004, CZ-05/2004, DE-01/1958, DK-01/1973, EE-05/2004, ES-01/1986, FI-01/1995, FR-01/1958, GB-01/1973->01/2020, GR-01/1981, HR-07/2013, HU-05/2004, IE-01/1973, IT-01/1958, LT-05/2004, LU-01/1958, LV-05/2004, MT-05/2004, NL-01/1958, PL-05/2004, PT-01/1986, RO-01/2007, SE-01/1995, SI-05/2004, SK-05/2004)","Extra-EU",28042910,"Helium",1,"IMPORT",1,"Normal",200552,"Jan.-Dec. 2005",QUANTITY_IN_KG,"QUANTITY_IN_KG",9542900
"European Union (AT-01/1995, BE-01/1958, BG-01/2007, CY-05/2004, CZ-05/2004, DE-01/1958, DK-01/1973, EE-05/2004, ES-01/1986, FI-01/1995, FR-01/1958, GB-01/1973->01/2020, GR-01/1981, HR-07/2013, HU-05/2004, IE-01/1973, IT-01/1958, LT-05/2004, LU-01/1958, LV-05/2004, MT-05/2004, NL-01/1958, PL-05/2004, PT-01/1986, RO-01/2007, SE-01/1995, SI-05/2004, SK-05/2004)","Extra-EU",28042910,"Helium",1,"IMPORT",1,"Normal",200652,"Jan.-Dec. 2006",VALUE_IN_EUR,"VALUE_IN_EUR",89060411
"European Union (AT-01/1995, BE-01/1958, BG-01/2007, CY-05/2004, CZ-05/2004, DE-01/1958, DK-01/1973, EE-05/2004, ES-01/1986, FI-01/1995, FR-01/1958, GB-01/1973->01/2020, GR-01/1981, HR-07/2013, HU-05/2004, IE-01/1973, IT-01/1958, LT-05/2004, LU-01/1958, LV-05/2004, MT-05/2004, NL-01/1958, PL-05/2004, PT-01/1986, RO-01/2007, SE-01/1995, SI-05/2004, SK-05/2004)","Extra-EU",28042910,"Helium",1,"IMPORT",1,"Normal",200652,"Jan.-Dec. 2006",QUANTITY_IN_KG,"QUANTITY_IN_KG",9401000
"European Union (AT-01/1995, BE-01/1958, BG-01/2007, CY-05/2004, CZ-05/2004, DE-01/1958, DK-01/1973, EE-05/2004, ES-01/1986, FI-01/1995, FR-01/1958, GB-01/1973->01/2020, GR-01/1981, HR-07/2013, HU-05/2004, IE-01/1973, IT-01/1958, LT-05/2004, LU-01/1958, LV-05/2004, MT-05/2004, NL-01/1958, PL-05/2004, PT-01/1986, RO-01/2007, SE-01/1995, SI-05/2004, SK-05/2004)","Extra-EU",28042910,"Helium",1,"IMPORT",1,"Normal",200752,"Jan.-Dec. 2007",VALUE_IN_EUR,"VALUE_IN_EUR",98688605
"European Union (AT-01/1995, BE-01/1958, BG-01/2007, CY-05/2004, CZ-05/2004, DE-01/1958, DK-01/1973, EE-05/2004, ES-01/1986, FI-01/1995, FR-01/1958, GB-01/1973->01/2020, GR-01/1981, HR-07/2013, HU-05/2004, IE-01/1973, IT-01/1958, LT-05/2004, LU-01/1958, LV-05/2004, MT-05/2004, NL-01/1958, PL-05/2004, PT-01/1986, RO-01/2007, SE-01/1995, SI-05/2004, SK-05/2004)","Extra-EU",28042910,"Helium",1,"IMPORT",1,"Normal",200752,"Jan.-Dec. 2007",QUANTITY_IN_KG,"QUANTITY_IN_KG",11206000
"European Union (AT-01/1995, BE-01/1958, BG-01/2007, CY-05/2004, CZ-05/2004, DE-01/1958, DK-01/1973, EE-05/2004, ES-01/1986, FI-01/1995, FR-01/1958, GB-01/1973->01/2020, GR-01/1981, HR-07/2013, HU-05/2004, IE-01/1973, IT-01/1958, LT-05/2004, LU-01/1958, LV-05/2004, MT-05/2004, NL-01/1958, PL-05/2004, PT-01/1986, RO-01/2007, SE-01/1995, SI-05/2004, SK-05/2004)","Extra-EU",28042910,"Helium",1,"IMPORT",1,"Normal",200852,"Jan.-Dec. 2008",VALUE_IN_EUR,"VALUE_IN_EUR",102442921
"European Union (AT-01/1995, BE-01/1958, BG-01/2007, CY-05/2004, CZ-05/2004, DE-01/1958, DK-01/1973, EE-05/2004, ES-01/1986, FI-01/1995, FR-01/1958, GB-01/1973->01/2020, GR-01/1981, HR-07/2013, HU-05/2004, IE-01/1973, IT-01/1958, LT-05/2004, LU-01/1958, LV-05/2004, MT-05/2004, NL-01/1958, PL-05/2004, PT-01/1986, RO-01/2007, SE-01/1995, SI-05/2004, SK-05/2004)","Extra-EU",28042910,"Helium",1,"IMPORT",1,"Normal",200852,"Jan.-Dec. 2008",QUANTITY_IN_KG,"QUANTITY_IN_KG",10823600
"European Union (AT-01/1995, BE-01/1958, BG-01/2007, CY-05/2004, CZ-05/2004, DE-01/1958, DK-01/1973, EE-05/2004, ES-01/1986, FI-01/1995, FR-01/1958, GB-01/1973->01/2020, GR-01/1981, HR-07/2013, HU-05/2004, IE-01/1973, IT-01/1958, LT-05/2004, LU-01/1958, LV-05/2004, MT-05/2004, NL-01/1958, PL-05/2004, PT-01/1986, RO-01/2007, SE-01/1995, SI-05/2004, SK-05/2004)","Extra-EU",28042910,"Helium",1,"IMPORT",1,"Normal",200952,"Jan.-Dec. 2009",VALUE_IN_EUR,"VALUE_IN_EUR",103000393
"European Union (AT-01/1995, BE-01/1958, BG-01/2007, CY-05/2004, CZ-05/2004, DE-01/1958, DK-01/1973, EE-05/2004, ES-01/1986, FI-01/1995, FR-01/1958, GB-01/1973->01/2020, GR-01/1981, HR-07/2013, HU-05/2004, IE-01/1973, IT-01/1958, LT-05/2004, LU-01/1958, LV-05/2004, MT-05/2004, NL-01/1958, PL-05/2004, PT-01/1986, RO-01/2007, SE-01/1995, SI-05/2004, SK-05/2004)","Extra-EU",28042910,"Helium",1,"IMPORT",1,"Normal",200952,"Jan.-Dec. 2009",QUANTITY_IN_KG,"QUANTITY_IN_KG",8614000
"European Union (AT-01/1995, BE-01/1958, BG-01/2007, CY-05/2004, CZ-05/2004, DE-01/1958, DK-01/1973, EE-05/2004, ES-01/1986, FI-01/1995, FR-01/1958, GB-01/1973->01/2020, GR-01/1981, HR-07/2013, HU-05/2004, IE-01/1973, IT-01/1958, LT-05/2004, LU-01/1958, LV-05/2004, MT-05/2004, NL-01/1958, PL-05/2004, PT-01/1986, RO-01/2007, SE-01/1995, SI-05/2004, SK-05/2004)","Extra-EU",28042910,"Helium",1,"IMPORT",1,"Normal",201052,"Jan.-Dec. 2010",VALUE_IN_EUR,"VALUE_IN_EUR",121547150
"European Union (AT-01/1995, BE-01/1958, BG-01/2007, CY-05/2004, CZ-05/2004, DE-01/1958, DK-01/1973, EE-05/2004, ES-01/1986, FI-01/1995, FR-01/1958, GB-01/1973->01/2020, GR-01/1981, HR-07/2013, HU-05/2004, IE-01/1973, IT-01/1958, LT-05/2004, LU-01/1958, LV-05/2004, MT-05/2004, NL-01/1958, PL-05/2004, PT-01/1986, RO-01/2007, SE-01/1995, SI-05/2004, SK-05/2004)","Extra-EU",28042910,"Helium",1,"IMPORT",1,"Normal",201052,"Jan.-Dec. 2010",QUANTITY_IN_KG,"QUANTITY_IN_KG",8434610
"European Union (AT-01/1995, BE-01/1958, BG-01/2007, CY-05/2004, CZ-05/2004, DE-01/1958, DK-01/1973, EE-05/2004, ES-01/1986, FI-01/1995, FR-01/1958, GB-01/1973->01/2020, GR-01/1981, HR-07/2013, HU-05/2004, IE-01/1973, IT-01/1958, LT-05/2004, LU-01/1958, LV-05/2004, MT-05/2004, NL-01/1958, PL-05/2004, PT-01/1986, RO-01/2007, SE-01/1995, SI-05/2004, SK-05/2004)","Extra-EU",28042910,"Helium",1,"IMPORT",1,"Normal",201152,"Jan.-Dec. 2011",VALUE_IN_EUR,"VALUE_IN_EUR",121088383
"European Union (AT-01/1995, BE-01/1958, BG-01/2007, CY-05/2004, CZ-05/2004, DE-01/1958, DK-01/1973, EE-05/2004, ES-01/1986, FI-01/1995, FR-01/1958, GB-01/1973->01/2020, GR-01/1981, HR-07/2013, HU-05/2004, IE-01/1973, IT-01/1958, LT-05/2004, LU-01/1958, LV-05/2004, MT-05/2004, NL-01/1958, PL-05/2004, PT-01/1986, RO-01/2007, SE-01/1995, SI-05/2004, SK-05/2004)","Extra-EU",28042910,"Helium",1,"IMPORT",1,"Normal",201152,"Jan.-Dec. 2011",QUANTITY_IN_KG,"QUANTITY_IN_KG",9882159
"European Union (AT-01/1995, BE-01/1958, BG-01/2007, CY-05/2004, CZ-05/2004, DE-01/1958, DK-01/1973, EE-05/2004, ES-01/1986, FI-01/1995, FR-01/1958, GB-01/1973->01/2020, GR-01/1981, HR-07/2013, HU-05/2004, IE-01/1973, IT-01/1958, LT-05/2004, LU-01/1958, LV-05/2004, MT-05/2004, NL-01/1958, PL-05/2004, PT-01/1986, RO-01/2007, SE-01/1995, SI-05/2004, SK-05/2004)","Extra-EU",28042910,"Helium",1,"IMPORT",1,"Normal",201252,"Jan.-Dec. 2012",VALUE_IN_EUR,"VALUE_IN_EUR",147339220
"European Union (AT-01/1995, BE-01/1958, BG-01/2007, CY-05/2004, CZ-05/2004, DE-01/1958, DK-01/1973, EE-05/2004, ES-01/1986, FI-01/1995, FR-01/1958, GB-01/1973->01/2020, GR-01/1981, HR-07/2013, HU-05/2004, IE-01/1973, IT-01/1958, LT-05/2004, LU-01/1958, LV-05/2004, MT-05/2004, NL-01/1958, PL-05/2004, PT-01/1986, RO-01/2007, SE-01/1995, SI-05/2004, SK-05/2004)","Extra-EU",28042910,"Helium",1,"IMPORT",1,"Normal",201252,"Jan.-Dec. 2012",QUANTITY_IN_KG,"QUANTITY_IN_KG",9712896
"European Union (AT-01/1995, BE-01/1958, BG-01/2007, CY-05/2004, CZ-05/2004, DE-01/1958, DK-01/1973, EE-05/2004, ES-01/1986, FI-01/1995, FR-01/1958, GB-01/1973->01/2020, GR-01/1981, HR-07/2013, HU-05/2004, IE-01/1973, IT-01/1958, LT-05/2004, LU-01/1958, LV-05/2004, MT-05/2004, NL-01/1958, PL-05/2004, PT-01/1986, RO-01/2007, SE-01/1995, SI-05/2004, SK-05/2004)","Extra-EU",28042910,"Helium",1,"IMPORT",1,"Normal",201352,"Jan.-Dec. 2013",VALUE_IN_EUR,"VALUE_IN_EUR",143047551
"European Union (AT-01/1995, BE-01/1958, BG-01/2007, CY-05/2004, CZ-05/2004, DE-01/1958, DK-01/1973, EE-05/2004, ES-01/1986, FI-01/1995, FR-01/1958, GB-01/1973->01/2020, GR-01/1981, HR-07/2013, HU-05/2004, IE-01/1973, IT-01/1958, LT-05/2004, LU-01/1958, LV-05/2004, MT-05/2004, NL-01/1958, PL-05/2004, PT-01/1986, RO-01/2007, SE-01/1995, SI-05/2004, SK-05/2004)","Extra-EU",28042910,"Helium",1,"IMPORT",1,"Normal",201352,"Jan.-Dec. 2013",QUANTITY_IN_KG,"QUANTITY_IN_KG",8629216
"European Union (AT-01/1995, BE-01/1958, BG-01/2007, CY-05/2004, CZ-05/2004, DE-01/1958, DK-01/1973, EE-05/2004, ES-01/1986, FI-01/1995, FR-01/1958, GB-01/1973->01/2020, GR-01/1981, HR-07/2013, HU-05/2004, IE-01/1973, IT-01/1958, LT-05/2004, LU-01/1958, LV-05/2004, MT-05/2004, NL-01/1958, PL-05/2004, PT-01/1986, RO-01/2007, SE-01/1995, SI-05/2004, SK-05/2004)","Extra-EU",28042910,"Helium",1,"IMPORT",1,"Normal",201452,"Jan.-Dec. 2014",VALUE_IN_EUR,"VALUE_IN_EUR",183488801
"European Union (AT-01/1995, BE-01/1958, BG-01/2007, CY-05/2004, CZ-05/2004, DE-01/1958, DK-01/1973, EE-05/2004, ES-01/1986, FI-01/1995, FR-01/1958, GB-01/1973->01/2020, GR-01/1981, HR-07/2013, HU-05/2004, IE-01/1973, IT-01/1958, LT-05/2004, LU-01/1958, LV-05/2004, MT-05/2004, NL-01/1958, PL-05/2004, PT-01/1986, RO-01/2007, SE-01/1995, SI-05/2004, SK-05/2004)","Extra-EU",28042910,"Helium",1,"IMPORT",1,"Normal",201452,"Jan.-Dec. 2014",QUANTITY_IN_KG,"QUANTITY_IN_KG",9452350
"European Union (AT-01/1995, BE-01/1958, BG-01/2007, CY-05/2004, CZ-05/2004, DE-01/1958, DK-01/1973, EE-05/2004, ES-01/1986, FI-01/1995, FR-01/1958, GB-01/1973->01/2020, GR-01/1981, HR-07/2013, HU-05/2004, IE-01/1973, IT-01/1958, LT-05/2004, LU-01/1958, LV-05/2004, MT-05/2004, NL-01/1958, PL-05/2004, PT-01/1986, RO-01/2007, SE-01/1995, SI-05/2004, SK-05/2004)","Extra-EU",28042910,"Helium",1,"IMPORT",1,"Normal",201552,"Jan.-Dec. 2015",VALUE_IN_EUR,"VALUE_IN_EUR",208187146
"European Union (AT-01/1995, BE-01/1958, BG-01/2007, CY-05/2004, CZ-05/2004, DE-01/1958, DK-01/1973, EE-05/2004, ES-01/1986, FI-01/1995, FR-01/1958, GB-01/1973->01/2020, GR-01/1981, HR-07/2013, HU-05/2004, IE-01/1973, IT-01/1958, LT-05/2004, LU-01/1958, LV-05/2004, MT-05/2004, NL-01/1958, PL-05/2004, PT-01/1986, RO-01/2007, SE-01/1995, SI-05/2004, SK-05/2004)","Extra-EU",28042910,"Helium",1,"IMPORT",1,"Normal",201552,"Jan.-Dec. 2015",QUANTITY_IN_KG,"QUANTITY_IN_KG",7832230
"European Union (AT-01/1995, BE-01/1958, BG-01/2007, CY-05/2004, CZ-05/2004, DE-01/1958, DK-01/1973, EE-05/2004, ES-01/1986, FI-01/1995, FR-01/1958, GB-01/1973->01/2020, GR-01/1981, HR-07/2013, HU-05/2004, IE-01/1973, IT-01/1958, LT-05/2004, LU-01/1958, LV-05/2004, MT-05/2004, NL-01/1958, PL-05/2004, PT-01/1986, RO-01/2007, SE-01/1995, SI-05/2004, SK-05/2004)","Extra-EU",28042910,"Helium",1,"IMPORT",1,"Normal",201652,"Jan.-Dec. 2016",VALUE_IN_EUR,"VALUE_IN_EUR",217994482
"European Union (AT-01/1995, BE-01/1958, BG-01/2007, CY-05/2004, CZ-05/2004, DE-01/1958, DK-01/1973, EE-05/2004, ES-01/1986, FI-01/1995, FR-01/1958, GB-01/1973->01/2020, GR-01/1981, HR-07/2013, HU-05/2004, IE-01/1973, IT-01/1958, LT-05/2004, LU-01/1958, LV-05/2004, MT-05/2004, NL-01/1958, PL-05/2004, PT-01/1986, RO-01/2007, SE-01/1995, SI-05/2004, SK-05/2004)","Extra-EU",28042910,"Helium",1,"IMPORT",1,"Normal",201652,"Jan.-Dec. 2016",QUANTITY_IN_KG,"QUANTITY_IN_KG",6311283
"European Union (AT-01/1995, BE-01/1958, BG-01/2007, CY-05/2004, CZ-05/2004, DE-01/1958, DK-01/1973, EE-05/2004, ES-01/1986, FI-01/1995, FR-01/1958, GB-01/1973->01/2020, GR-01/1981, HR-07/2013, HU-05/2004, IE-01/1973, IT-01/1958, LT-05/2004, LU-01/1958, LV-05/2004, MT-05/2004, NL-01/1958, PL-05/2004, PT-01/1986, RO-01/2007, SE-01/1995, SI-05/2004, SK-05/2004)","Extra-EU",28042910,"Helium",1,"IMPORT",1,"Normal",201752,"Jan.-Dec. 2017",VALUE_IN_EUR,"VALUE_IN_EUR",224848867
"European Union (AT-01/1995, BE-01/1958, BG-01/2007, CY-05/2004, CZ-05/2004, DE-01/1958, DK-01/1973, EE-05/2004, ES-01/1986, FI-01/1995, FR-01/1958, GB-01/1973->01/2020, GR-01/1981, HR-07/2013, HU-05/2004, IE-01/1973, IT-01/1958, LT-05/2004, LU-01/1958, LV-05/2004, MT-05/2004, NL-01/1958, PL-05/2004, PT-01/1986, RO-01/2007, SE-01/1995, SI-05/2004, SK-05/2004)","Extra-EU",28042910,"Helium",1,"IMPORT",1,"Normal",201752,"Jan.-Dec. 2017",QUANTITY_IN_KG,"QUANTITY_IN_KG",7180818
"European Union (AT-01/1995, BE-01/1958, BG-01/2007, CY-05/2004, CZ-05/2004, DE-01/1958, DK-01/1973, EE-05/2004, ES-01/1986, FI-01/1995, FR-01/1958, GB-01/1973->01/2020, GR-01/1981, HR-07/2013, HU-05/2004, IE-01/1973, IT-01/1958, LT-05/2004, LU-01/1958, LV-05/2004, MT-05/2004, NL-01/1958, PL-05/2004, PT-01/1986, RO-01/2007, SE-01/1995, SI-05/2004, SK-05/2004)","Extra-EU",28042910,"Helium",1,"IMPORT",1,"Normal",201852,"Jan.-Dec. 2018",VALUE_IN_EUR,"VALUE_IN_EUR",211410953
"European Union (AT-01/1995, BE-01/1958, BG-01/2007, CY-05/2004, CZ-05/2004, DE-01/1958, DK-01/1973, EE-05/2004, ES-01/1986, FI-01/1995, FR-01/1958, GB-01/1973->01/2020, GR-01/1981, HR-07/2013, HU-05/2004, IE-01/1973, IT-01/1958, LT-05/2004, LU-01/1958, LV-05/2004, MT-05/2004, NL-01/1958, PL-05/2004, PT-01/1986, RO-01/2007, SE-01/1995, SI-05/2004, SK-05/2004)","Extra-EU",28042910,"Helium",1,"IMPORT",1,"Normal",201852,"Jan.-Dec. 2018",QUANTITY_IN_KG,"QUANTITY_IN_KG",7379696
"European Union (AT-01/1995, BE-01/1958, BG-01/2007, CY-05/2004, CZ-05/2004, DE-01/1958, DK-01/1973, EE-05/2004, ES-01/1986, FI-01/1995, FR-01/1958, GB-01/1973->01/2020, GR-01/1981, HR-07/2013, HU-05/2004, IE-01/1973, IT-01/1958, LT-05/2004, LU-01/1958, LV-05/2004, MT-05/2004, NL-01/1958, PL-05/2004, PT-01/1986, RO-01/2007, SE-01/1995, SI-05/2004, SK-05/2004)","Extra-EU",28042910,"Helium",1,"IMPORT",1,"Normal",201952,"Jan.-Dec. 2019",VALUE_IN_EUR,"VALUE_IN_EUR",247558811
"European Union (AT-01/1995, BE-01/1958, BG-01/2007, CY-05/2004, CZ-05/2004, DE-01/1958, DK-01/1973, EE-05/2004, ES-01/1986, FI-01/1995, FR-01/1958, GB-01/1973->01/2020, GR-01/1981, HR-07/2013, HU-05/2004, IE-01/1973, IT-01/1958, LT-05/2004, LU-01/1958, LV-05/2004, MT-05/2004, NL-01/1958, PL-05/2004, PT-01/1986, RO-01/2007, SE-01/1995, SI-05/2004, SK-05/2004)","Extra-EU",28042910,"Helium",1,"IMPORT",1,"Normal",201952,"Jan.-Dec. 2019",QUANTITY_IN_KG,"QUANTITY_IN_KG",7195576
"European Union (AT-01/1995, BE-01/1958, BG-01/2007, CY-05/2004, CZ-05/2004, DE-01/1958, DK-01/1973, EE-05/2004, ES-01/1986, FI-01/1995, FR-01/1958, GB-01/1973->01/2020, GR-01/1981, HR-07/2013, HU-05/2004, IE-01/1973, IT-01/1958, LT-05/2004, LU-01/1958, LV-05/2004, MT-05/2004, NL-01/1958, PL-05/2004, PT-01/1986, RO-01/2007, SE-01/1995, SI-05/2004, SK-05/2004)","Extra-EU",28042910,"Helium",1,"IMPORT",1,"Normal",202052,"Jan.-Dec. 2020",VALUE_IN_EUR,"VALUE_IN_EUR",259452742
"European Union (AT-01/1995, BE-01/1958, BG-01/2007, CY-05/2004, CZ-05/2004, DE-01/1958, DK-01/1973, EE-05/2004, ES-01/1986, FI-01/1995, FR-01/1958, GB-01/1973->01/2020, GR-01/1981, HR-07/2013, HU-05/2004, IE-01/1973, IT-01/1958, LT-05/2004, LU-01/1958, LV-05/2004, MT-05/2004, NL-01/1958, PL-05/2004, PT-01/1986, RO-01/2007, SE-01/1995, SI-05/2004, SK-05/2004)","Extra-EU",28042910,"Helium",1,"IMPORT",1,"Normal",202052,"Jan.-Dec. 2020",QUANTITY_IN_KG,"QUANTITY_IN_KG",5278054
"European Union (AT-01/1995, BE-01/1958, BG-01/2007, CY-05/2004, CZ-05/2004, DE-01/1958, DK-01/1973, EE-05/2004, ES-01/1986, FI-01/1995, FR-01/1958, GB-01/1973->01/2020, GR-01/1981, HR-07/2013, HU-05/2004, IE-01/1973, IT-01/1958, LT-05/2004, LU-01/1958, LV-05/2004, MT-05/2004, NL-01/1958, PL-05/2004, PT-01/1986, RO-01/2007, SE-01/1995, SI-05/2004, SK-05/2004)","Extra-EU",28042910,"Helium",1,"IMPORT",1,"Normal",202152,"Jan.-Dec. 2021",VALUE_IN_EUR,"VALUE_IN_EUR",187759997
"European Union (AT-01/1995, BE-01/1958, BG-01/2007, CY-05/2004, CZ-05/2004, DE-01/1958, DK-01/1973, EE-05/2004, ES-01/1986, FI-01/1995, FR-01/1958, GB-01/1973->01/2020, GR-01/1981, HR-07/2013, HU-05/2004, IE-01/1973, IT-01/1958, LT-05/2004, LU-01/1958, LV-05/2004, MT-05/2004, NL-01/1958, PL-05/2004, PT-01/1986, RO-01/2007, SE-01/1995, SI-05/2004, SK-05/2004)","Extra-EU",28042910,"Helium",1,"IMPORT",1,"Normal",202152,"Jan.-Dec. 2021",QUANTITY_IN_KG,"QUANTITY_IN_KG",4088281
"European Union (AT-01/1995, BE-01/1958, BG-01/2007, CY-05/2004, CZ-05/2004, DE-01/1958, DK-01/1973, EE-05/2004, ES-01/1986, FI-01/1995, FR-01/1958, GB-01/1973->01/2020, GR-01/1981, HR-07/2013, HU-05/2004, IE-01/1973, IT-01/1958, LT-05/2004, LU-01/1958, LV-05/2004, MT-05/2004, NL-01/1958, PL-05/2004, PT-01/1986, RO-01/2007, SE-01/1995, SI-05/2004, SK-05/2004)","Extra-EU",28042910,"Helium",1,"IMPORT",1,"Normal",202252,"Jan.-Dec. 2022",VALUE_IN_EUR,"VALUE_IN_EUR",269129583
"European Union (AT-01/1995, BE-01/1958, BG-01/2007, CY-05/2004, CZ-05/2004, DE-01/1958, DK-01/1973, EE-05/2004, ES-01/1986, FI-01/1995, FR-01/1958, GB-01/1973->01/2020, GR-01/1981, HR-07/2013, HU-05/2004, IE-01/1973, IT-01/1958, LT-05/2004, LU-01/1958, LV-05/2004, MT-05/2004, NL-01/1958, PL-05/2004, PT-01/1986, RO-01/2007, SE-01/1995, SI-05/2004, SK-05/2004)","Extra-EU",28042910,"Helium",1,"IMPORT",1,"Normal",202252,"Jan.-Dec. 2022",QUANTITY_IN_KG,"QUANTITY_IN_KG",4242328
"European Union (AT-01/1995, BE-01/1958, BG-01/2007, CY-05/2004, CZ-05/2004, DE-01/1958, DK-01/1973, EE-05/2004, ES-01/1986, FI-01/1995, FR-01/1958, GB-01/1973->01/2020, GR-01/1981, HR-07/2013, HU-05/2004, IE-01/1973, IT-01/1958, LT-05/2004, LU-01/1958, LV-05/2004, MT-05/2004, NL-01/1958, PL-05/2004, PT-01/1986, RO-01/2007, SE-01/1995, SI-05/2004, SK-05/2004)","Extra-EU",28042910,"Helium",1,"IMPORT",1,"Normal",202352,"Jan.-Dec. 2023",VALUE_IN_EUR,"VALUE_IN_EUR",420594227
"European Union (AT-01/1995, BE-01/1958, BG-01/2007, CY-05/2004, CZ-05/2004, DE-01/1958, DK-01/1973, EE-05/2004, ES-01/1986, FI-01/1995, FR-01/1958, GB-01/1973->01/2020, GR-01/1981, HR-07/2013, HU-05/2004, IE-01/1973, IT-01/1958, LT-05/2004, LU-01/1958, LV-05/2004, MT-05/2004, NL-01/1958, PL-05/2004, PT-01/1986, RO-01/2007, SE-01/1995, SI-05/2004, SK-05/2004)","Extra-EU",28042910,"Helium",1,"IMPORT",1,"Normal",202352,"Jan.-Dec. 2023",QUANTITY_IN_KG,"QUANTITY_IN_KG",6367729
"European Union (AT-01/1995, BE-01/1958, BG-01/2007, CY-05/2004, CZ-05/2004, DE-01/1958, DK-01/1973, EE-05/2004, ES-01/1986, FI-01/1995, FR-01/1958, GB-01/1973->01/2020, GR-01/1981, HR-07/2013, HU-05/2004, IE-01/1973, IT-01/1958, LT-05/2004, LU-01/1958, LV-05/2004, MT-05/2004, NL-01/1958, PL-05/2004, PT-01/1986, RO-01/2007, SE-01/1995, SI-05/2004, SK-05/2004)","Extra-EU",28042910,"Helium",1,"IMPORT",1,"Normal",202452,"Jan.-Dec. 2024",VALUE_IN_EUR,"VALUE_IN_EUR",482961241
"European Union (AT-01/1995, BE-01/1958, BG-01/2007, CY-05/2004, CZ-05/2004, DE-01/1958, DK-01/1973, EE-05/2004, ES-01/1986, FI-01/1995, FR-01/1958, GB-01/1973->01/2020, GR-01/1981, HR-07/2013, HU-05/2004, IE-01/1973, IT-01/1958, LT-05/2004, LU-01/1958, LV-05/2004, MT-05/2004, NL-01/1958, PL-05/2004, PT-01/1986, RO-01/2007, SE-01/1995, SI-05/2004, SK-05/2004)","Extra-EU",28042910,"Helium",1,"IMPORT",1,"Normal",202452,"Jan.-Dec. 2024",QUANTITY_IN_KG,"QUANTITY_IN_KG",8475743
"European Union (AT-01/1995, BE-01/1958, BG-01/2007, CY-05/2004, CZ-05/2004, DE-01/1958, DK-01/1973, EE-05/2004, ES-01/1986, FI-01/1995, FR-01/1958, GB-01/1973->01/2020, GR-01/1981, HR-07/2013, HU-05/2004, IE-01/1973, IT-01/1958, LT-05/2004, LU-01/1958, LV-05/2004, MT-05/2004, NL-01/1958, PL-05/2004, PT-01/1986, RO-01/2007, SE-01/1995, SI-05/2004, SK-05/2004)","Extra-EU",28042990,"Neon, krypton and xenon",1,"IMPORT",1,"Normal",200252,"Jan.-Dec. 2002",VALUE_IN_EUR,"VALUE_IN_EUR",5377323
"European Union (AT-01/1995, BE-01/1958, BG-01/2007, CY-05/2004, CZ-05/2004, DE-01/1958, DK-01/1973, EE-05/2004, ES-01/1986, FI-01/1995, FR-01/1958, GB-01/1973->01/2020, GR-01/1981, HR-07/2013, HU-05/2004, IE-01/1973, IT-01/1958, LT-05/2004, LU-01/1958, LV-05/2004, MT-05/2004, NL-01/1958, PL-05/2004, PT-01/1986, RO-01/2007, SE-01/1995, SI-05/2004, SK-05/2004)","Extra-EU",28042990,"Neon, krypton and xenon",1,"IMPORT",1,"Normal",200252,"Jan.-Dec. 2002",QUANTITY_IN_KG,"QUANTITY_IN_KG",152500
"European Union (AT-01/1995, BE-01/1958, BG-01/2007, CY-05/2004, CZ-05/2004, DE-01/1958, DK-01/1973, EE-05/2004, ES-01/1986, FI-01/1995, FR-01/1958, GB-01/1973->01/2020, GR-01/1981, HR-07/2013, HU-05/2004, IE-01/1973, IT-01/1958, LT-05/2004, LU-01/1958, LV-05/2004, MT-05/2004, NL-01/1958, PL-05/2004, PT-01/1986, RO-01/2007, SE-01/1995, SI-05/2004, SK-05/2004)","Extra-EU",28042990,"Neon, krypton and xenon",1,"IMPORT",1,"Normal",200352,"Jan.-Dec. 2003",VALUE_IN_EUR,"VALUE_IN_EUR",5310221
"European Union (AT-01/1995, BE-01/1958, BG-01/2007, CY-05/2004, CZ-05/2004, DE-01/1958, DK-01/1973, EE-05/2004, ES-01/1986, FI-01/1995, FR-01/1958, GB-01/1973->01/2020, GR-01/1981, HR-07/2013, HU-05/2004, IE-01/1973, IT-01/1958, LT-05/2004, LU-01/1958, LV-05/2004, MT-05/2004, NL-01/1958, PL-05/2004, PT-01/1986, RO-01/2007, SE-01/1995, SI-05/2004, SK-05/2004)","Extra-EU",28042990,"Neon, krypton and xenon",1,"IMPORT",1,"Normal",200352,"Jan.-Dec. 2003",QUANTITY_IN_KG,"QUANTITY_IN_KG",175600
"European Union (AT-01/1995, BE-01/1958, BG-01/2007, CY-05/2004, CZ-05/2004, DE-01/1958, DK-01/1973, EE-05/2004, ES-01/1986, FI-01/1995, FR-01/1958, GB-01/1973->01/2020, GR-01/1981, HR-07/2013, HU-05/2004, IE-01/1973, IT-01/1958, LT-05/2004, LU-01/1958, LV-05/2004, MT-05/2004, NL-01/1958, PL-05/2004, PT-01/1986, RO-01/2007, SE-01/1995, SI-05/2004, SK-05/2004)","Extra-EU",28042990,"Neon, krypton and xenon",1,"IMPORT",1,"Normal",200452,"Jan.-Dec. 2004",VALUE_IN_EUR,"VALUE_IN_EUR",8563973
"European Union (AT-01/1995, BE-01/1958, BG-01/2007, CY-05/2004, CZ-05/2004, DE-01/1958, DK-01/1973, EE-05/2004, ES-01/1986, FI-01/1995, FR-01/1958, GB-01/1973->01/2020, GR-01/1981, HR-07/2013, HU-05/2004, IE-01/1973, IT-01/1958, LT-05/2004, LU-01/1958, LV-05/2004, MT-05/2004, NL-01/1958, PL-05/2004, PT-01/1986, RO-01/2007, SE-01/1995, SI-05/2004, SK-05/2004)","Extra-EU",28042990,"Neon, krypton and xenon",1,"IMPORT",1,"Normal",200452,"Jan.-Dec. 2004",QUANTITY_IN_KG,"QUANTITY_IN_KG",211900
"European Union (AT-01/1995, BE-01/1958, BG-01/2007, CY-05/2004, CZ-05/2004, DE-01/1958, DK-01/1973, EE-05/2004, ES-01/1986, FI-01/1995, FR-01/1958, GB-01/1973->01/2020, GR-01/1981, HR-07/2013, HU-05/2004, IE-01/1973, IT-01/1958, LT-05/2004, LU-01/1958, LV-05/2004, MT-05/2004, NL-01/1958, PL-05/2004, PT-01/1986, RO-01/2007, SE-01/1995, SI-05/2004, SK-05/2004)","Extra-EU",28042990,"Neon, krypton and xenon",1,"IMPORT",1,"Normal",200552,"Jan.-Dec. 2005",VALUE_IN_EUR,"VALUE_IN_EUR",6517521
"European Union (AT-01/1995, BE-01/1958, BG-01/2007, CY-05/2004, CZ-05/2004, DE-01/1958, DK-01/1973, EE-05/2004, ES-01/1986, FI-01/1995, FR-01/1958, GB-01/1973->01/2020, GR-01/1981, HR-07/2013, HU-05/2004, IE-01/1973, IT-01/1958, LT-05/2004, LU-01/1958, LV-05/2004, MT-05/2004, NL-01/1958, PL-05/2004, PT-01/1986, RO-01/2007, SE-01/1995, SI-05/2004, SK-05/2004)","Extra-EU",28042990,"Neon, krypton and xenon",1,"IMPORT",1,"Normal",200552,"Jan.-Dec. 2005",QUANTITY_IN_KG,"QUANTITY_IN_KG",198200
"European Union (AT-01/1995, BE-01/1958, BG-01/2007, CY-05/2004, CZ-05/2004, DE-01/1958, DK-01/1973, EE-05/2004, ES-01/1986, FI-01/1995, FR-01/1958, GB-01/1973->01/2020, GR-01/1981, HR-07/2013, HU-05/2004, IE-01/1973, IT-01/1958, LT-05/2004, LU-01/1958, LV-05/2004, MT-05/2004, NL-01/1958, PL-05/2004, PT-01/1986, RO-01/2007, SE-01/1995, SI-05/2004, SK-05/2004)","Extra-EU",28042990,"Neon, krypton and xenon",1,"IMPORT",1,"Normal",200652,"Jan.-Dec. 2006",VALUE_IN_EUR,"VALUE_IN_EUR",11108730
"European Union (AT-01/1995, BE-01/1958, BG-01/2007, CY-05/2004, CZ-05/2004, DE-01/1958, DK-01/1973, EE-05/2004, ES-01/1986, FI-01/1995, FR-01/1958, GB-01/1973->01/2020, GR-01/1981, HR-07/2013, HU-05/2004, IE-01/1973, IT-01/1958, LT-05/2004, LU-01/1958, LV-05/2004, MT-05/2004, NL-01/1958, PL-05/2004, PT-01/1986, RO-01/2007, SE-01/1995, SI-05/2004, SK-05/2004)","Extra-EU",28042990,"Neon, krypton and xenon",1,"IMPORT",1,"Normal",200652,"Jan.-Dec. 2006",QUANTITY_IN_KG,"QUANTITY_IN_KG",356100
"European Union (AT-01/1995, BE-01/1958, BG-01/2007, CY-05/2004, CZ-05/2004, DE-01/1958, DK-01/1973, EE-05/2004, ES-01/1986, FI-01/1995, FR-01/1958, GB-01/1973->01/2020, GR-01/1981, HR-07/2013, HU-05/2004, IE-01/1973, IT-01/1958, LT-05/2004, LU-01/1958, LV-05/2004, MT-05/2004, NL-01/1958, PL-05/2004, PT-01/1986, RO-01/2007, SE-01/1995, SI-05/2004, SK-05/2004)","Extra-EU",28042990,"Neon, krypton and xenon",1,"IMPORT",1,"Normal",200752,"Jan.-Dec. 2007",VALUE_IN_EUR,"VALUE_IN_EUR",15698724
"European Union (AT-01/1995, BE-01/1958, BG-01/2007, CY-05/2004, CZ-05/2004, DE-01/1958, DK-01/1973, EE-05/2004, ES-01/1986, FI-01/1995, FR-01/1958, GB-01/1973->01/2020, GR-01/1981, HR-07/2013, HU-05/2004, IE-01/1973, IT-01/1958, LT-05/2004, LU-01/1958, LV-05/2004, MT-05/2004, NL-01/1958, PL-05/2004, PT-01/1986, RO-01/2007, SE-01/1995, SI-05/2004, SK-05/2004)","Extra-EU",28042990,"Neon, krypton and xenon",1,"IMPORT",1,"Normal",200752,"Jan.-Dec. 2007",QUANTITY_IN_KG,"QUANTITY_IN_KG",470500
"European Union (AT-01/1995, BE-01/1958, BG-01/2007, CY-05/2004, CZ-05/2004, DE-01/1958, DK-01/1973, EE-05/2004, ES-01/1986, FI-01/1995, FR-01/1958, GB-01/1973->01/2020, GR-01/1981, HR-07/2013, HU-05/2004, IE-01/1973, IT-01/1958, LT-05/2004, LU-01/1958, LV-05/2004, MT-05/2004, NL-01/1958, PL-05/2004, PT-01/1986, RO-01/2007, SE-01/1995, SI-05/2004, SK-05/2004)","Extra-EU",28042990,"Neon, krypton and xenon",1,"IMPORT",1,"Normal",200852,"Jan.-Dec. 2008",VALUE_IN_EUR,"VALUE_IN_EUR",25963443
"European Union (AT-01/1995, BE-01/1958, BG-01/2007, CY-05/2004, CZ-05/2004, DE-01/1958, DK-01/1973, EE-05/2004, ES-01/1986, FI-01/1995, FR-01/1958, GB-01/1973->01/2020, GR-01/1981, HR-07/2013, HU-05/2004, IE-01/1973, IT-01/1958, LT-05/2004, LU-01/1958, LV-05/2004, MT-05/2004, NL-01/1958, PL-05/2004, PT-01/1986, RO-01/2007, SE-01/1995, SI-05/2004, SK-05/2004)","Extra-EU",28042990,"Neon, krypton and xenon",1,"IMPORT",1,"Normal",200852,"Jan.-Dec. 2008",QUANTITY_IN_KG,"QUANTITY_IN_KG",501500
"European Union (AT-01/1995, BE-01/1958, BG-01/2007, CY-05/2004, CZ-05/2004, DE-01/1958, DK-01/1973, EE-05/2004, ES-01/1986, FI-01/1995, FR-01/1958, GB-01/1973->01/2020, GR-01/1981, HR-07/2013, HU-05/2004, IE-01/1973, IT-01/1958, LT-05/2004, LU-01/1958, LV-05/2004, MT-05/2004, NL-01/1958, PL-05/2004, PT-01/1986, RO-01/2007, SE-01/1995, SI-05/2004, SK-05/2004)","Extra-EU",28042990,"Neon, krypton and xenon",1,"IMPORT",1,"Normal",200952,"Jan.-Dec. 2009",VALUE_IN_EUR,"VALUE_IN_EUR",14469728
"European Union (AT-01/1995, BE-01/1958, BG-01/2007, CY-05/2004, CZ-05/2004, DE-01/1958, DK-01/1973, EE-05/2004, ES-01/1986, FI-01/1995, FR-01/1958, GB-01/1973->01/2020, GR-01/1981, HR-07/2013, HU-05/2004, IE-01/1973, IT-01/1958, LT-05/2004, LU-01/1958, LV-05/2004, MT-05/2004, NL-01/1958, PL-05/2004, PT-01/1986, RO-01/2007, SE-01/1995, SI-05/2004, SK-05/2004)","Extra-EU",28042990,"Neon, krypton and xenon",1,"IMPORT",1,"Normal",200952,"Jan.-Dec. 2009",QUANTITY_IN_KG,"QUANTITY_IN_KG",343900
"European Union (AT-01/1995, BE-01/1958, BG-01/2007, CY-05/2004, CZ-05/2004, DE-01/1958, DK-01/1973, EE-05/2004, ES-01/1986, FI-01/1995, FR-01/1958, GB-01/1973->01/2020, GR-01/1981, HR-07/2013, HU-05/2004, IE-01/1973, IT-01/1958, LT-05/2004, LU-01/1958, LV-05/2004, MT-05/2004, NL-01/1958, PL-05/2004, PT-01/1986, RO-01/2007, SE-01/1995, SI-05/2004, SK-05/2004)","Extra-EU",28042990,"Neon, krypton and xenon",1,"IMPORT",1,"Normal",201052,"Jan.-Dec. 2010",VALUE_IN_EUR,"VALUE_IN_EUR",17146896
"European Union (AT-01/1995, BE-01/1958, BG-01/2007, CY-05/2004, CZ-05/2004, DE-01/1958, DK-01/1973, EE-05/2004, ES-01/1986, FI-01/1995, FR-01/1958, GB-01/1973->01/2020, GR-01/1981, HR-07/2013, HU-05/2004, IE-01/1973, IT-01/1958, LT-05/2004, LU-01/1958, LV-05/2004, MT-05/2004, NL-01/1958, PL-05/2004, PT-01/1986, RO-01/2007, SE-01/1995, SI-05/2004, SK-05/2004)","Extra-EU",28042990,"Neon, krypton and xenon",1,"IMPORT",1,"Normal",201052,"Jan.-Dec. 2010",QUANTITY_IN_KG,"QUANTITY_IN_KG",338852
"European Union (AT-01/1995, BE-01/1958, BG-01/2007, CY-05/2004, CZ-05/2004, DE-01/1958, DK-01/1973, EE-05/2004, ES-01/1986, FI-01/1995, FR-01/1958, GB-01/1973->01/2020, GR-01/1981, HR-07/2013, HU-05/2004, IE-01/1973, IT-01/1958, LT-05/2004, LU-01/1958, LV-05/2004, MT-05/2004, NL-01/1958, PL-05/2004, PT-01/1986, RO-01/2007, SE-01/1995, SI-05/2004, SK-05/2004)","Extra-EU",28042990,"Neon, krypton and xenon",1,"IMPORT",1,"Normal",201152,"Jan.-Dec. 2011",VALUE_IN_EUR,"VALUE_IN_EUR",16526405
"European Union (AT-01/1995, BE-01/1958, BG-01/2007, CY-05/2004, CZ-05/2004, DE-01/1958, DK-01/1973, EE-05/2004, ES-01/1986, FI-01/1995, FR-01/1958, GB-01/1973->01/2020, GR-01/1981, HR-07/2013, HU-05/2004, IE-01/1973, IT-01/1958, LT-05/2004, LU-01/1958, LV-05/2004, MT-05/2004, NL-01/1958, PL-05/2004, PT-01/1986, RO-01/2007, SE-01/1995, SI-05/2004, SK-05/2004)","Extra-EU",28042990,"Neon, krypton and xenon",1,"IMPORT",1,"Normal",201152,"Jan.-Dec. 2011",QUANTITY_IN_KG,"QUANTITY_IN_KG",320746
"European Union (AT-01/1995, BE-01/1958, BG-01/2007, CY-05/2004, CZ-05/2004, DE-01/1958, DK-01/1973, EE-05/2004, ES-01/1986, FI-01/1995, FR-01/1958, GB-01/1973->01/2020, GR-01/1981, HR-07/2013, HU-05/2004, IE-01/1973, IT-01/1958, LT-05/2004, LU-01/1958, LV-05/2004, MT-05/2004, NL-01/1958, PL-05/2004, PT-01/1986, RO-01/2007, SE-01/1995, SI-05/2004, SK-05/2004)","Extra-EU",28042990,"Neon, krypton and xenon",1,"IMPORT",1,"Normal",201252,"Jan.-Dec. 2012",VALUE_IN_EUR,"VALUE_IN_EUR",14705206
"European Union (AT-01/1995, BE-01/1958, BG-01/2007, CY-05/2004, CZ-05/2004, DE-01/1958, DK-01/1973, EE-05/2004, ES-01/1986, FI-01/1995, FR-01/1958, GB-01/1973->01/2020, GR-01/1981, HR-07/2013, HU-05/2004, IE-01/1973, IT-01/1958, LT-05/2004, LU-01/1958, LV-05/2004, MT-05/2004, NL-01/1958, PL-05/2004, PT-01/1986, RO-01/2007, SE-01/1995, SI-05/2004, SK-05/2004)","Extra-EU",28042990,"Neon, krypton and xenon",1,"IMPORT",1,"Normal",201252,"Jan.-Dec. 2012",QUANTITY_IN_KG,"QUANTITY_IN_KG",291238
"European Union (AT-01/1995, BE-01/1958, BG-01/2007, CY-05/2004, CZ-05/2004, DE-01/1958, DK-01/1973, EE-05/2004, ES-01/1986, FI-01/1995, FR-01/1958, GB-01/1973->01/2020, GR-01/1981, HR-07/2013, HU-05/2004, IE-01/1973, IT-01/1958, LT-05/2004, LU-01/1958, LV-05/2004, MT-05/2004, NL-01/1958, PL-05/2004, PT-01/1986, RO-01/2007, SE-01/1995, SI-05/2004, SK-05/2004)","Extra-EU",28042990,"Neon, krypton and xenon",1,"IMPORT",1,"Normal",201352,"Jan.-Dec. 2013",VALUE_IN_EUR,"VALUE_IN_EUR",20287449
"European Union (AT-01/1995, BE-01/1958, BG-01/2007, CY-05/2004, CZ-05/2004, DE-01/1958, DK-01/1973, EE-05/2004, ES-01/1986, FI-01/1995, FR-01/1958, GB-01/1973->01/2020, GR-01/1981, HR-07/2013, HU-05/2004, IE-01/1973, IT-01/1958, LT-05/2004, LU-01/1958, LV-05/2004, MT-05/2004, NL-01/1958, PL-05/2004, PT-01/1986, RO-01/2007, SE-01/1995, SI-05/2004, SK-05/2004)","Extra-EU",28042990,"Neon, krypton and xenon",1,"IMPORT",1,"Normal",201352,"Jan.-Dec. 2013",QUANTITY_IN_KG,"QUANTITY_IN_KG",245458
"European Union (AT-01/1995, BE-01/1958, BG-01/2007, CY-05/2004, CZ-05/2004, DE-01/1958, DK-01/1973, EE-05/2004, ES-01/1986, FI-01/1995, FR-01/1958, GB-01/1973->01/2020, GR-01/1981, HR-07/2013, HU-05/2004, IE-01/1973, IT-01/1958, LT-05/2004, LU-01/1958, LV-05/2004, MT-05/2004, NL-01/1958, PL-05/2004, PT-01/1986, RO-01/2007, SE-01/1995, SI-05/2004, SK-05/2004)","Extra-EU",28042990,"Neon, krypton and xenon",1,"IMPORT",1,"Normal",201452,"Jan.-Dec. 2014",VALUE_IN_EUR,"VALUE_IN_EUR",17403242
"European Union (AT-01/1995, BE-01/1958, BG-01/2007, CY-05/2004, CZ-05/2004, DE-01/1958, DK-01/1973, EE-05/2004, ES-01/1986, FI-01/1995, FR-01/1958, GB-01/1973->01/2020, GR-01/1981, HR-07/2013, HU-05/2004, IE-01/1973, IT-01/1958, LT-05/2004, LU-01/1958, LV-05/2004, MT-05/2004, NL-01/1958, PL-05/2004, PT-01/1986, RO-01/2007, SE-01/1995, SI-05/2004, SK-05/2004)","Extra-EU",28042990,"Neon, krypton and xenon",1,"IMPORT",1,"Normal",201452,"Jan.-Dec. 2014",QUANTITY_IN_KG,"QUANTITY_IN_KG",188920
"European Union (AT-01/1995, BE-01/1958, BG-01/2007, CY-05/2004, CZ-05/2004, DE-01/1958, DK-01/1973, EE-05/2004, ES-01/1986, FI-01/1995, FR-01/1958, GB-01/1973->01/2020, GR-01/1981, HR-07/2013, HU-05/2004, IE-01/1973, IT-01/1958, LT-05/2004, LU-01/1958, LV-05/2004, MT-05/2004, NL-01/1958, PL-05/2004, PT-01/1986, RO-01/2007, SE-01/1995, SI-05/2004, SK-05/2004)","Extra-EU",28042990,"Neon, krypton and xenon",1,"IMPORT",1,"Normal",201552,"Jan.-Dec. 2015",VALUE_IN_EUR,"VALUE_IN_EUR",13266710
"European Union (AT-01/1995, BE-01/1958, BG-01/2007, CY-05/2004, CZ-05/2004, DE-01/1958, DK-01/1973, EE-05/2004, ES-01/1986, FI-01/1995, FR-01/1958, GB-01/1973->01/2020, GR-01/1981, HR-07/2013, HU-05/2004, IE-01/1973, IT-01/1958, LT-05/2004, LU-01/1958, LV-05/2004, MT-05/2004, NL-01/1958, PL-05/2004, PT-01/1986, RO-01/2007, SE-01/1995, SI-05/2004, SK-05/2004)","Extra-EU",28042990,"Neon, krypton and xenon",1,"IMPORT",1,"Normal",201552,"Jan.-Dec. 2015",QUANTITY_IN_KG,"QUANTITY_IN_KG",151454
"European Union (AT-01/1995, BE-01/1958, BG-01/2007, CY-05/2004, CZ-05/2004, DE-01/1958, DK-01/1973, EE-05/2004, ES-01/1986, FI-01/1995, FR-01/1958, GB-01/1973->01/2020, GR-01/1981, HR-07/2013, HU-05/2004, IE-01/1973, IT-01/1958, LT-05/2004, LU-01/1958, LV-05/2004, MT-05/2004, NL-01/1958, PL-05/2004, PT-01/1986, RO-01/2007, SE-01/1995, SI-05/2004, SK-05/2004)","Extra-EU",28042990,"Neon, krypton and xenon",1,"IMPORT",1,"Normal",201652,"Jan.-Dec. 2016",VALUE_IN_EUR,"VALUE_IN_EUR",7138450
"European Union (AT-01/1995, BE-01/1958, BG-01/2007, CY-05/2004, CZ-05/2004, DE-01/1958, DK-01/1973, EE-05/2004, ES-01/1986, FI-01/1995, FR-01/1958, GB-01/1973->01/2020, GR-01/1981, HR-07/2013, HU-05/2004, IE-01/1973, IT-01/1958, LT-05/2004, LU-01/1958, LV-05/2004, MT-05/2004, NL-01/1958, PL-05/2004, PT-01/1986, RO-01/2007, SE-01/1995, SI-05/2004, SK-05/2004)","Extra-EU",28042990,"Neon, krypton and xenon",1,"IMPORT",1,"Normal",201652,"Jan.-Dec. 2016",QUANTITY_IN_KG,"QUANTITY_IN_KG",163872
"European Union (AT-01/1995, BE-01/1958, BG-01/2007, CY-05/2004, CZ-05/2004, DE-01/1958, DK-01/1973, EE-05/2004, ES-01/1986, FI-01/1995, FR-01/1958, GB-01/1973->01/2020, GR-01/1981, HR-07/2013, HU-05/2004, IE-01/1973, IT-01/1958, LT-05/2004, LU-01/1958, LV-05/2004, MT-05/2004, NL-01/1958, PL-05/2004, PT-01/1986, RO-01/2007, SE-01/1995, SI-05/2004, SK-05/2004)","Extra-EU",28042990,"Neon, krypton and xenon",1,"IMPORT",1,"Normal",201752,"Jan.-Dec. 2017",VALUE_IN_EUR,"VALUE_IN_EUR",8065011
"European Union (AT-01/1995, BE-01/1958, BG-01/2007, CY-05/2004, CZ-05/2004, DE-01/1958, DK-01/1973, EE-05/2004, ES-01/1986, FI-01/1995, FR-01/1958, GB-01/1973->01/2020, GR-01/1981, HR-07/2013, HU-05/2004, IE-01/1973, IT-01/1958, LT-05/2004, LU-01/1958, LV-05/2004, MT-05/2004, NL-01/1958, PL-05/2004, PT-01/1986, RO-01/2007, SE-01/1995, SI-05/2004, SK-05/2004)","Extra-EU",28042990,"Neon, krypton and xenon",1,"IMPORT",1,"Normal",201752,"Jan.-Dec. 2017",QUANTITY_IN_KG,"QUANTITY_IN_KG",208885
"European Union (AT-01/1995, BE-01/1958, BG-01/2007, CY-05/2004, CZ-05/2004, DE-01/1958, DK-01/1973, EE-05/2004, ES-01/1986, FI-01/1995, FR-01/1958, GB-01/1973->01/2020, GR-01/1981, HR-07/2013, HU-05/2004, IE-01/1973, IT-01/1958, LT-05/2004, LU-01/1958, LV-05/2004, MT-05/2004, NL-01/1958, PL-05/2004, PT-01/1986, RO-01/2007, SE-01/1995, SI-05/2004, SK-05/2004)","Extra-EU",28042990,"Neon, krypton and xenon",1,"IMPORT",1,"Normal",201852,"Jan.-Dec. 2018",VALUE_IN_EUR,"VALUE_IN_EUR",9892700
"European Union (AT-01/1995, BE-01/1958, BG-01/2007, CY-05/2004, CZ-05/2004, DE-01/1958, DK-01/1973, EE-05/2004, ES-01/1986, FI-01/1995, FR-01/1958, GB-01/1973->01/2020, GR-01/1981, HR-07/2013, HU-05/2004, IE-01/1973, IT-01/1958, LT-05/2004, LU-01/1958, LV-05/2004, MT-05/2004, NL-01/1958, PL-05/2004, PT-01/1986, RO-01/2007, SE-01/1995, SI-05/2004, SK-05/2004)","Extra-EU",28042990,"Neon, krypton and xenon",1,"IMPORT",1,"Normal",201852,"Jan.-Dec. 2018",QUANTITY_IN_KG,"QUANTITY_IN_KG",248878
"European Union (AT-01/1995, BE-01/1958, BG-01/2007, CY-05/2004, CZ-05/2004, DE-01/1958, DK-01/1973, EE-05/2004, ES-01/1986, FI-01/1995, FR-01/1958, GB-01/1973->01/2020, GR-01/1981, HR-07/2013, HU-05/2004, IE-01/1973, IT-01/1958, LT-05/2004, LU-01/1958, LV-05/2004, MT-05/2004, NL-01/1958, PL-05/2004, PT-01/1986, RO-01/2007, SE-01/1995, SI-05/2004, SK-05/2004)","Extra-EU",28042990,"Neon, krypton and xenon",1,"IMPORT",1,"Normal",201952,"Jan.-Dec. 2019",VALUE_IN_EUR,"VALUE_IN_EUR",9890952
"European Union (AT-01/1995, BE-01/1958, BG-01/2007, CY-05/2004, CZ-05/2004, DE-01/1958, DK-01/1973, EE-05/2004, ES-01/1986, FI-01/1995, FR-01/1958, GB-01/1973->01/2020, GR-01/1981, HR-07/2013, HU-05/2004, IE-01/1973, IT-01/1958, LT-05/2004, LU-01/1958, LV-05/2004, MT-05/2004, NL-01/1958, PL-05/2004, PT-01/1986, RO-01/2007, SE-01/1995, SI-05/2004, SK-05/2004)","Extra-EU",28042990,"Neon, krypton and xenon",1,"IMPORT",1,"Normal",201952,"Jan.-Dec. 2019",QUANTITY_IN_KG,"QUANTITY_IN_KG",464655
"European Union (AT-01/1995, BE-01/1958, BG-01/2007, CY-05/2004, CZ-05/2004, DE-01/1958, DK-01/1973, EE-05/2004, ES-01/1986, FI-01/1995, FR-01/1958, GB-01/1973->01/2020, GR-01/1981, HR-07/2013, HU-05/2004, IE-01/1973, IT-01/1958, LT-05/2004, LU-01/1958, LV-05/2004, MT-05/2004, NL-01/1958, PL-05/2004, PT-01/1986, RO-01/2007, SE-01/1995, SI-05/2004, SK-05/2004)","Extra-EU",28042990,"Neon, krypton and xenon",1,"IMPORT",1,"Normal",202052,"Jan.-Dec. 2020",VALUE_IN_EUR,"VALUE_IN_EUR",10318233
"European Union (AT-01/1995, BE-01/1958, BG-01/2007, CY-05/2004, CZ-05/2004, DE-01/1958, DK-01/1973, EE-05/2004, ES-01/1986, FI-01/1995, FR-01/1958, GB-01/1973->01/2020, GR-01/1981, HR-07/2013, HU-05/2004, IE-01/1973, IT-01/1958, LT-05/2004, LU-01/1958, LV-05/2004, MT-05/2004, NL-01/1958, PL-05/2004, PT-01/1986, RO-01/2007, SE-01/1995, SI-05/2004, SK-05/2004)","Extra-EU",28042990,"Neon, krypton and xenon",1,"IMPORT",1,"Normal",202052,"Jan.-Dec. 2020",QUANTITY_IN_KG,"QUANTITY_IN_KG",727789
"European Union (AT-01/1995, BE-01/1958, BG-01/2007, CY-05/2004, CZ-05/2004, DE-01/1958, DK-01/1973, EE-05/2004, ES-01/1986, FI-01/1995, FR-01/1958, GB-01/1973->01/2020, GR-01/1981, HR-07/2013, HU-05/2004, IE-01/1973, IT-01/1958, LT-05/2004, LU-01/1958, LV-05/2004, MT-05/2004, NL-01/1958, PL-05/2004, PT-01/1986, RO-01/2007, SE-01/1995, SI-05/2004, SK-05/2004)","Extra-EU",28042990,"Neon, krypton and xenon",1,"IMPORT",1,"Normal",202152,"Jan.-Dec. 2021",VALUE_IN_EUR,"VALUE_IN_EUR",13597836
"European Union (AT-01/1995, BE-01/1958, BG-01/2007, CY-05/2004, CZ-05/2004, DE-01/1958, DK-01/1973, EE-05/2004, ES-01/1986, FI-01/1995, FR-01/1958, GB-01/1973->01/2020, GR-01/1981, HR-07/2013, HU-05/2004, IE-01/1973, IT-01/1958, LT-05/2004, LU-01/1958, LV-05/2004, MT-05/2004, NL-01/1958, PL-05/2004, PT-01/1986, RO-01/2007, SE-01/1995, SI-05/2004, SK-05/2004)","Extra-EU",28042990,"Neon, krypton and xenon",1,"IMPORT",1,"Normal",202152,"Jan.-Dec. 2021",QUANTITY_IN_KG,"QUANTITY_IN_KG",857053
"European Union (AT-01/1995, BE-01/1958, BG-01/2007, CY-05/2004, CZ-05/2004, DE-01/1958, DK-01/1973, EE-05/2004, ES-01/1986, FI-01/1995, FR-01/1958, GB-01/1973->01/2020, GR-01/1981, HR-07/2013, HU-05/2004, IE-01/1973, IT-01/1958, LT-05/2004, LU-01/1958, LV-05/2004, MT-05/2004, NL-01/1958, PL-05/2004, PT-01/1986, RO-01/2007, SE-01/1995, SI-05/2004, SK-05/2004)","Extra-EU",28042990,"Neon, krypton and xenon",1,"IMPORT",1,"Normal",202252,"Jan.-Dec. 2022",VALUE_IN_EUR,"VALUE_IN_EUR",18704269
"European Union (AT-01/1995, BE-01/1958, BG-01/2007, CY-05/2004, CZ-05/2004, DE-01/1958, DK-01/1973, EE-05/2004, ES-01/1986, FI-01/1995, FR-01/1958, GB-01/1973->01/2020, GR-01/1981, HR-07/2013, HU-05/2004, IE-01/1973, IT-01/1958, LT-05/2004, LU-01/1958, LV-05/2004, MT-05/2004, NL-01/1958, PL-05/2004, PT-01/1986, RO-01/2007, SE-01/1995, SI-05/2004, SK-05/2004)","Extra-EU",28042990,"Neon, krypton and xenon",1,"IMPORT",1,"Normal",202252,"Jan.-Dec. 2022",QUANTITY_IN_KG,"QUANTITY_IN_KG",1366178
"European Union (AT-01/1995, BE-01/1958, BG-01/2007, CY-05/2004, CZ-05/2004, DE-01/1958, DK-01/1973, EE-05/2004, ES-01/1986, FI-01/1995, FR-01/1958, GB-01/1973->01/2020, GR-01/1981, HR-07/2013, HU-05/2004, IE-01/1973, IT-01/1958, LT-05/2004, LU-01/1958, LV-05/2004, MT-05/2004, NL-01/1958, PL-05/2004, PT-01/1986, RO-01/2007, SE-01/1995, SI-05/2004, SK-05/2004)","Extra-EU",28042990,"Neon, krypton and xenon",1,"IMPORT",1,"Normal",202352,"Jan.-Dec. 2023",VALUE_IN_EUR,"VALUE_IN_EUR",16652876
"European Union (AT-01/1995, BE-01/1958, BG-01/2007, CY-05/2004, CZ-05/2004, DE-01/1958, DK-01/1973, EE-05/2004, ES-01/1986, FI-01/1995, FR-01/1958, GB-01/1973->01/2020, GR-01/1981, HR-07/2013, HU-05/2004, IE-01/1973, IT-01/1958, LT-05/2004, LU-01/1958, LV-05/2004, MT-05/2004, NL-01/1958, PL-05/2004, PT-01/1986, RO-01/2007, SE-01/1995, SI-05/2004, SK-05/2004)","Extra-EU",28042990,"Neon, krypton and xenon",1,"IMPORT",1,"Normal",202352,"Jan.-Dec. 2023",QUANTITY_IN_KG,"QUANTITY_IN_KG",1007974
"European Union (AT-01/1995, BE-01/1958, BG-01/2007, CY-05/2004, CZ-05/2004, DE-01/1958, DK-01/1973, EE-05/2004, ES-01/1986, FI-01/1995, FR-01/1958, GB-01/1973->01/2020, GR-01/1981, HR-07/2013, HU-05/2004, IE-01/1973, IT-01/1958, LT-05/2004, LU-01/1958, LV-05/2004, MT-05/2004, NL-01/1958, PL-05/2004, PT-01/1986, RO-01/2007, SE-01/1995, SI-05/2004, SK-05/2004)","Extra-EU",28042990,"Neon, krypton and xenon",1,"IMPORT",1,"Normal",202452,"Jan.-Dec. 2024",VALUE_IN_EUR,"VALUE_IN_EUR",10867777
"European Union (AT-01/1995, BE-01/1958, BG-01/2007, CY-05/2004, CZ-05/2004, DE-01/1958, DK-01/1973, EE-05/2004, ES-01/1986, FI-01/1995, FR-01/1958, GB-01/1973->01/2020, GR-01/1981, HR-07/2013, HU-05/2004, IE-01/1973, IT-01/1958, LT-05/2004, LU-01/1958, LV-05/2004, MT-05/2004, NL-01/1958, PL-05/2004, PT-01/1986, RO-01/2007, SE-01/1995, SI-05/2004, SK-05/2004)","Extra-EU",28042990,"Neon, krypton and xenon",1,"IMPORT",1,"Normal",202452,"Jan.-Dec. 2024",QUANTITY_IN_KG,"QUANTITY_IN_KG",2692553
"European Union (AT-01/1995, BE-01/1958, BG-01/2007, CY-05/2004, CZ-05/2004, DE-01/1958, DK-01/1973, EE-05/2004, ES-01/1986, FI-01/1995, FR-01/1958, GB-01/1973->01/2020, GR-01/1981, HR-07/2013, HU-05/2004, IE-01/1973, IT-01/1958, LT-05/2004, LU-01/1958, LV-05/2004, MT-05/2004, NL-01/1958, PL-05/2004, PT-01/1986, RO-01/2007, SE-01/1995, SI-05/2004, SK-05/2004)","Extra-EU",28053020,"Cerium, lanthanum, praseodymium, neodymium and samarium, of a purity by weight of >=95% (excl. intermixtures and interalloys)",1,"IMPORT",1,"Normal",201652,"Jan.-Dec. 2016",VALUE_IN_EUR,"VALUE_IN_EUR",2600826
"European Union (AT-01/1995, BE-01/1958, BG-01/2007, CY-05/2004, CZ-05/2004, DE-01/1958, DK-01/1973, EE-05/2004, ES-01/1986, FI-01/1995, FR-01/1958, GB-01/1973->01/2020, GR-01/1981, HR-07/2013, HU-05/2004, IE-01/1973, IT-01/1958, LT-05/2004, LU-01/1958, LV-05/2004, MT-05/2004, NL-01/1958, PL-05/2004, PT-01/1986, RO-01/2007, SE-01/1995, SI-05/2004, SK-05/2004)","Extra-EU",28053020,"Cerium, lanthanum, praseodymium, neodymium and samarium, of a purity by weight of >=95% (excl. intermixtures and interalloys)",1,"IMPORT",1,"Normal",201652,"Jan.-Dec. 2016",QUANTITY_IN_KG,"QUANTITY_IN_KG",176772
"European Union (AT-01/1995, BE-01/1958, BG-01/2007, CY-05/2004, CZ-05/2004, DE-01/1958, DK-01/1973, EE-05/2004, ES-01/1986, FI-01/1995, FR-01/1958, GB-01/1973->01/2020, GR-01/1981, HR-07/2013, HU-05/2004, IE-01/1973, IT-01/1958, LT-05/2004, LU-01/1958, LV-05/2004, MT-05/2004, NL-01/1958, PL-05/2004, PT-01/1986, RO-01/2007, SE-01/1995, SI-05/2004, SK-05/2004)","Extra-EU",28053020,"Cerium, lanthanum, praseodymium, neodymium and samarium, of a purity by weight of >=95% (excl. intermixtures and interalloys)",1,"IMPORT",1,"Normal",201752,"Jan.-Dec. 2017",VALUE_IN_EUR,"VALUE_IN_EUR",2637536
"European Union (AT-01/1995, BE-01/1958, BG-01/2007, CY-05/2004, CZ-05/2004, DE-01/1958, DK-01/1973, EE-05/2004, ES-01/1986, FI-01/1995, FR-01/1958, GB-01/1973->01/2020, GR-01/1981, HR-07/2013, HU-05/2004, IE-01/1973, IT-01/1958, LT-05/2004, LU-01/1958, LV-05/2004, MT-05/2004, NL-01/1958, PL-05/2004, PT-01/1986, RO-01/2007, SE-01/1995, SI-05/2004, SK-05/2004)","Extra-EU",28053020,"Cerium, lanthanum, praseodymium, neodymium and samarium, of a purity by weight of >=95% (excl. intermixtures and interalloys)",1,"IMPORT",1,"Normal",201752,"Jan.-Dec. 2017",QUANTITY_IN_KG,"QUANTITY_IN_KG",154103
"European Union (AT-01/1995, BE-01/1958, BG-01/2007, CY-05/2004, CZ-05/2004, DE-01/1958, DK-01/1973, EE-05/2004, ES-01/1986, FI-01/1995, FR-01/1958, GB-01/1973->01/2020, GR-01/1981, HR-07/2013, HU-05/2004, IE-01/1973, IT-01/1958, LT-05/2004, LU-01/1958, LV-05/2004, MT-05/2004, NL-01/1958, PL-05/2004, PT-01/1986, RO-01/2007, SE-01/1995, SI-05/2004, SK-05/2004)","Extra-EU",28053020,"Cerium, lanthanum, praseodymium, neodymium and samarium, of a purity by weight of >=95% (excl. intermixtures and interalloys)",1,"IMPORT",1,"Normal",201852,"Jan.-Dec. 2018",VALUE_IN_EUR,"VALUE_IN_EUR",2375838
"European Union (AT-01/1995, BE-01/1958, BG-01/2007, CY-05/2004, CZ-05/2004, DE-01/1958, DK-01/1973, EE-05/2004, ES-01/1986, FI-01/1995, FR-01/1958, GB-01/1973->01/2020, GR-01/1981, HR-07/2013, HU-05/2004, IE-01/1973, IT-01/1958, LT-05/2004, LU-01/1958, LV-05/2004, MT-05/2004, NL-01/1958, PL-05/2004, PT-01/1986, RO-01/2007, SE-01/1995, SI-05/2004, SK-05/2004)","Extra-EU",28053020,"Cerium, lanthanum, praseodymium, neodymium and samarium, of a purity by weight of >=95% (excl. intermixtures and interalloys)",1,"IMPORT",1,"Normal",201852,"Jan.-Dec. 2018",QUANTITY_IN_KG,"QUANTITY_IN_KG",163572
"European Union (AT-01/1995, BE-01/1958, BG-01/2007, CY-05/2004, CZ-05/2004, DE-01/1958, DK-01/1973, EE-05/2004, ES-01/1986, FI-01/1995, FR-01/1958, GB-01/1973->01/2020, GR-01/1981, HR-07/2013, HU-05/2004, IE-01/1973, IT-01/1958, LT-05/2004, LU-01/1958, LV-05/2004, MT-05/2004, NL-01/1958, PL-05/2004, PT-01/1986, RO-01/2007, SE-01/1995, SI-05/2004, SK-05/2004)","Extra-EU",28053020,"Cerium, lanthanum, praseodymium, neodymium and samarium, of a purity by weight of >=95% (excl. intermixtures and interalloys)",1,"IMPORT",1,"Normal",201952,"Jan.-Dec. 2019",VALUE_IN_EUR,"VALUE_IN_EUR",2071774
"European Union (AT-01/1995, BE-01/1958, BG-01/2007, CY-05/2004, CZ-05/2004, DE-01/1958, DK-01/1973, EE-05/2004, ES-01/1986, FI-01/1995, FR-01/1958, GB-01/1973->01/2020, GR-01/1981, HR-07/2013, HU-05/2004, IE-01/1973, IT-01/1958, LT-05/2004, LU-01/1958, LV-05/2004, MT-05/2004, NL-01/1958, PL-05/2004, PT-01/1986, RO-01/2007, SE-01/1995, SI-05/2004, SK-05/2004)","Extra-EU",28053020,"Cerium, lanthanum, praseodymium, neodymium and samarium, of a purity by weight of >=95% (excl. intermixtures and interalloys)",1,"IMPORT",1,"Normal",201952,"Jan.-Dec. 2019",QUANTITY_IN_KG,"QUANTITY_IN_KG",98060
"European Union (AT-01/1995, BE-01/1958, BG-01/2007, CY-05/2004, CZ-05/2004, DE-01/1958, DK-01/1973, EE-05/2004, ES-01/1986, FI-01/1995, FR-01/1958, GB-01/1973->01/2020, GR-01/1981, HR-07/2013, HU-05/2004, IE-01/1973, IT-01/1958, LT-05/2004, LU-01/1958, LV-05/2004, MT-05/2004, NL-01/1958, PL-05/2004, PT-01/1986, RO-01/2007, SE-01/1995, SI-05/2004, SK-05/2004)","Extra-EU",28053020,"Cerium, lanthanum, praseodymium, neodymium and samarium, of a purity by weight of >=95% (excl. intermixtures and interalloys)",1,"IMPORT",1,"Normal",202052,"Jan.-Dec. 2020",VALUE_IN_EUR,"VALUE_IN_EUR",1183916
"European Union (AT-01/1995, BE-01/1958, BG-01/2007, CY-05/2004, CZ-05/2004, DE-01/1958, DK-01/1973, EE-05/2004, ES-01/1986, FI-01/1995, FR-01/1958, GB-01/1973->01/2020, GR-01/1981, HR-07/2013, HU-05/2004, IE-01/1973, IT-01/1958, LT-05/2004, LU-01/1958, LV-05/2004, MT-05/2004, NL-01/1958, PL-05/2004, PT-01/1986, RO-01/2007, SE-01/1995, SI-05/2004, SK-05/2004)","Extra-EU",28053020,"Cerium, lanthanum, praseodymium, neodymium and samarium, of a purity by weight of >=95% (excl. intermixtures and interalloys)",1,"IMPORT",1,"Normal",202052,"Jan.-Dec. 2020",QUANTITY_IN_KG,"QUANTITY_IN_KG",29871
"European Union (AT-01/1995, BE-01/1958, BG-01/2007, CY-05/2004, CZ-05/2004, DE-01/1958, DK-01/1973, EE-05/2004, ES-01/1986, FI-01/1995, FR-01/1958, GB-01/1973->01/2020, GR-01/1981, HR-07/2013, HU-05/2004, IE-01/1973, IT-01/1958, LT-05/2004, LU-01/1958, LV-05/2004, MT-05/2004, NL-01/1958, PL-05/2004, PT-01/1986, RO-01/2007, SE-01/1995, SI-05/2004, SK-05/2004)","Extra-EU",28053020,"Cerium, lanthanum, praseodymium, neodymium and samarium, of a purity by weight of >=95% (excl. intermixtures and interalloys)",1,"IMPORT",1,"Normal",202152,"Jan.-Dec. 2021",VALUE_IN_EUR,"VALUE_IN_EUR",1068126
"European Union (AT-01/1995, BE-01/1958, BG-01/2007, CY-05/2004, CZ-05/2004, DE-01/1958, DK-01/1973, EE-05/2004, ES-01/1986, FI-01/1995, FR-01/1958, GB-01/1973->01/2020, GR-01/1981, HR-07/2013, HU-05/2004, IE-01/1973, IT-01/1958, LT-05/2004, LU-01/1958, LV-05/2004, MT-05/2004, NL-01/1958, PL-05/2004, PT-01/1986, RO-01/2007, SE-01/1995, SI-05/2004, SK-05/2004)","Extra-EU",28053020,"Cerium, lanthanum, praseodymium, neodymium and samarium, of a purity by weight of >=95% (excl. intermixtures and interalloys)",1,"IMPORT",1,"Normal",202152,"Jan.-Dec. 2021",QUANTITY_IN_KG,"QUANTITY_IN_KG",33562
"European Union (AT-01/1995, BE-01/1958, BG-01/2007, CY-05/2004, CZ-05/2004, DE-01/1958, DK-01/1973, EE-05/2004, ES-01/1986, FI-01/1995, FR-01/1958, GB-01/1973->01/2020, GR-01/1981, HR-07/2013, HU-05/2004, IE-01/1973, IT-01/1958, LT-05/2004, LU-01/1958, LV-05/2004, MT-05/2004, NL-01/1958, PL-05/2004, PT-01/1986, RO-01/2007, SE-01/1995, SI-05/2004, SK-05/2004)","Extra-EU",28053020,"Cerium, lanthanum, praseodymium, neodymium and samarium, of a purity by weight of >=95% (excl. intermixtures and interalloys)",1,"IMPORT",1,"Normal",202252,"Jan.-Dec. 2022",VALUE_IN_EUR,"VALUE_IN_EUR",1152672
"European Union (AT-01/1995, BE-01/1958, BG-01/2007, CY-05/2004, CZ-05/2004, DE-01/1958, DK-01/1973, EE-05/2004, ES-01/1986, FI-01/1995, FR-01/1958, GB-01/1973->01/2020, GR-01/1981, HR-07/2013, HU-05/2004, IE-01/1973, IT-01/1958, LT-05/2004, LU-01/1958, LV-05/2004, MT-05/2004, NL-01/1958, PL-05/2004, PT-01/1986, RO-01/2007, SE-01/1995, SI-05/2004, SK-05/2004)","Extra-EU",28053020,"Cerium, lanthanum, praseodymium, neodymium and samarium, of a purity by weight of >=95% (excl. intermixtures and interalloys)",1,"IMPORT",1,"Normal",202252,"Jan.-Dec. 2022",QUANTITY_IN_KG,"QUANTITY_IN_KG",14157
"European Union (AT-01/1995, BE-01/1958, BG-01/2007, CY-05/2004, CZ-05/2004, DE-01/1958, DK-01/1973, EE-05/2004, ES-01/1986, FI-01/1995, FR-01/1958, GB-01/1973->01/2020, GR-01/1981, HR-07/2013, HU-05/2004, IE-01/1973, IT-01/1958, LT-05/2004, LU-01/1958, LV-05/2004, MT-05/2004, NL-01/1958, PL-05/2004, PT-01/1986, RO-01/2007, SE-01/1995, SI-05/2004, SK-05/2004)","Extra-EU",28112905,"Sulphur dioxide",1,"IMPORT",1,"Normal",200752,"Jan.-Dec. 2007",VALUE_IN_EUR,"VALUE_IN_EUR",285300
"European Union (AT-01/1995, BE-01/1958, BG-01/2007, CY-05/2004, CZ-05/2004, DE-01/1958, DK-01/1973, EE-05/2004, ES-01/1986, FI-01/1995, FR-01/1958, GB-01/1973->01/2020, GR-01/1981, HR-07/2013, HU-05/2004, IE-01/1973, IT-01/1958, LT-05/2004, LU-01/1958, LV-05/2004, MT-05/2004, NL-01/1958, PL-05/2004, PT-01/1986, RO-01/2007, SE-01/1995, SI-05/2004, SK-05/2004)","Extra-EU",28112905,"Sulphur dioxide",1,"IMPORT",1,"Normal",200752,"Jan.-Dec. 2007",QUANTITY_IN_KG,"QUANTITY_IN_KG",538700
"European Union (AT-01/1995, BE-01/1958, BG-01/2007, CY-05/2004, CZ-05/2004, DE-01/1958, DK-01/1973, EE-05/2004, ES-01/1986, FI-01/1995, FR-01/1958, GB-01/1973->01/2020, GR-01/1981, HR-07/2013, HU-05/2004, IE-01/1973, IT-01/1958, LT-05/2004, LU-01/1958, LV-05/2004, MT-05/2004, NL-01/1958, PL-05/2004, PT-01/1986, RO-01/2007, SE-01/1995, SI-05/2004, SK-05/2004)","Extra-EU",28112905,"Sulphur dioxide",1,"IMPORT",1,"Normal",200852,"Jan.-Dec. 2008",VALUE_IN_EUR,"VALUE_IN_EUR",248502
"European Union (AT-01/1995, BE-01/1958, BG-01/2007, CY-05/2004, CZ-05/2004, DE-01/1958, DK-01/1973, EE-05/2004, ES-01/1986, FI-01/1995, FR-01/1958, GB-01/1973->01/2020, GR-01/1981, HR-07/2013, HU-05/2004, IE-01/1973, IT-01/1958, LT-05/2004, LU-01/1958, LV-05/2004, MT-05/2004, NL-01/1958, PL-05/2004, PT-01/1986, RO-01/2007, SE-01/1995, SI-05/2004, SK-05/2004)","Extra-EU",28112905,"Sulphur dioxide",1,"IMPORT",1,"Normal",200852,"Jan.-Dec. 2008",QUANTITY_IN_KG,"QUANTITY_IN_KG",393600
"European Union (AT-01/1995, BE-01/1958, BG-01/2007, CY-05/2004, CZ-05/2004, DE-01/1958, DK-01/1973, EE-05/2004, ES-01/1986, FI-01/1995, FR-01/1958, GB-01/1973->01/2020, GR-01/1981, HR-07/2013, HU-05/2004, IE-01/1973, IT-01/1958, LT-05/2004, LU-01/1958, LV-05/2004, MT-05/2004, NL-01/1958, PL-05/2004, PT-01/1986, RO-01/2007, SE-01/1995, SI-05/2004, SK-05/2004)","Extra-EU",28112905,"Sulphur dioxide",1,"IMPORT",1,"Normal",200952,"Jan.-Dec. 2009",VALUE_IN_EUR,"VALUE_IN_EUR",258095
"European Union (AT-01/1995, BE-01/1958, BG-01/2007, CY-05/2004, CZ-05/2004, DE-01/1958, DK-01/1973, EE-05/2004, ES-01/1986, FI-01/1995, FR-01/1958, GB-01/1973->01/2020, GR-01/1981, HR-07/2013, HU-05/2004, IE-01/1973, IT-01/1958, LT-05/2004, LU-01/1958, LV-05/2004, MT-05/2004, NL-01/1958, PL-05/2004, PT-01/1986, RO-01/2007, SE-01/1995, SI-05/2004, SK-05/2004)","Extra-EU",28112905,"Sulphur dioxide",1,"IMPORT",1,"Normal",200952,"Jan.-Dec. 2009",QUANTITY_IN_KG,"QUANTITY_IN_KG",460400
"European Union (AT-01/1995, BE-01/1958, BG-01/2007, CY-05/2004, CZ-05/2004, DE-01/1958, DK-01/1973, EE-05/2004, ES-01/1986, FI-01/1995, FR-01/1958, GB-01/1973->01/2020, GR-01/1981, HR-07/2013, HU-05/2004, IE-01/1973, IT-01/1958, LT-05/2004, LU-01/1958, LV-05/2004, MT-05/2004, NL-01/1958, PL-05/2004, PT-01/1986, RO-01/2007, SE-01/1995, SI-05/2004, SK-05/2004)","Extra-EU",28112905,"Sulphur dioxide",1,"IMPORT",1,"Normal",201052,"Jan.-Dec. 2010",VALUE_IN_EUR,"VALUE_IN_EUR",234290
"European Union (AT-01/1995, BE-01/1958, BG-01/2007, CY-05/2004, CZ-05/2004, DE-01/1958, DK-01/1973, EE-05/2004, ES-01/1986, FI-01/1995, FR-01/1958, GB-01/1973->01/2020, GR-01/1981, HR-07/2013, HU-05/2004, IE-01/1973, IT-01/1958, LT-05/2004, LU-01/1958, LV-05/2004, MT-05/2004, NL-01/1958, PL-05/2004, PT-01/1986, RO-01/2007, SE-01/1995, SI-05/2004, SK-05/2004)","Extra-EU",28112905,"Sulphur dioxide",1,"IMPORT",1,"Normal",201052,"Jan.-Dec. 2010",QUANTITY_IN_KG,"QUANTITY_IN_KG",636728
"European Union (AT-01/1995, BE-01/1958, BG-01/2007, CY-05/2004, CZ-05/2004, DE-01/1958, DK-01/1973, EE-05/2004, ES-01/1986, FI-01/1995, FR-01/1958, GB-01/1973->01/2020, GR-01/1981, HR-07/2013, HU-05/2004, IE-01/1973, IT-01/1958, LT-05/2004, LU-01/1958, LV-05/2004, MT-05/2004, NL-01/1958, PL-05/2004, PT-01/1986, RO-01/2007, SE-01/1995, SI-05/2004, SK-05/2004)","Extra-EU",28112905,"Sulphur dioxide",1,"IMPORT",1,"Normal",201152,"Jan.-Dec. 2011",VALUE_IN_EUR,"VALUE_IN_EUR",201272
"European Union (AT-01/1995, BE-01/1958, BG-01/2007, CY-05/2004, CZ-05/2004, DE-01/1958, DK-01/1973, EE-05/2004, ES-01/1986, FI-01/1995, FR-01/1958, GB-01/1973->01/2020, GR-01/1981, HR-07/2013, HU-05/2004, IE-01/1973, IT-01/1958, LT-05/2004, LU-01/1958, LV-05/2004, MT-05/2004, NL-01/1958, PL-05/2004, PT-01/1986, RO-01/2007, SE-01/1995, SI-05/2004, SK-05/2004)","Extra-EU",28112905,"Sulphur dioxide",1,"IMPORT",1,"Normal",201152,"Jan.-Dec. 2011",QUANTITY_IN_KG,"QUANTITY_IN_KG",246578
"European Union (AT-01/1995, BE-01/1958, BG-01/2007, CY-05/2004, CZ-05/2004, DE-01/1958, DK-01/1973, EE-05/2004, ES-01/1986, FI-01/1995, FR-01/1958, GB-01/1973->01/2020, GR-01/1981, HR-07/2013, HU-05/2004, IE-01/1973, IT-01/1958, LT-05/2004, LU-01/1958, LV-05/2004, MT-05/2004, NL-01/1958, PL-05/2004, PT-01/1986, RO-01/2007, SE-01/1995, SI-05/2004, SK-05/2004)","Extra-EU",28112905,"Sulphur dioxide",1,"IMPORT",1,"Normal",201252,"Jan.-Dec. 2012",VALUE_IN_EUR,"VALUE_IN_EUR",283298
"European Union (AT-01/1995, BE-01/1958, BG-01/2007, CY-05/2004, CZ-05/2004, DE-01/1958, DK-01/1973, EE-05/2004, ES-01/1986, FI-01/1995, FR-01/1958, GB-01/1973->01/2020, GR-01/1981, HR-07/2013, HU-05/2004, IE-01/1973, IT-01/1958, LT-05/2004, LU-01/1958, LV-05/2004, MT-05/2004, NL-01/1958, PL-05/2004, PT-01/1986, RO-01/2007, SE-01/1995, SI-05/2004, SK-05/2004)","Extra-EU",28112905,"Sulphur dioxide",1,"IMPORT",1,"Normal",201252,"Jan.-Dec. 2012",QUANTITY_IN_KG,"QUANTITY_IN_KG",462168
"European Union (AT-01/1995, BE-01/1958, BG-01/2007, CY-05/2004, CZ-05/2004, DE-01/1958, DK-01/1973, EE-05/2004, ES-01/1986, FI-01/1995, FR-01/1958, GB-01/1973->01/2020, GR-01/1981, HR-07/2013, HU-05/2004, IE-01/1973, IT-01/1958, LT-05/2004, LU-01/1958, LV-05/2004, MT-05/2004, NL-01/1958, PL-05/2004, PT-01/1986, RO-01/2007, SE-01/1995, SI-05/2004, SK-05/2004)","Extra-EU",28112905,"Sulphur dioxide",1,"IMPORT",1,"Normal",201352,"Jan.-Dec. 2013",VALUE_IN_EUR,"VALUE_IN_EUR",306341
"European Union (AT-01/1995, BE-01/1958, BG-01/2007, CY-05/2004, CZ-05/2004, DE-01/1958, DK-01/1973, EE-05/2004, ES-01/1986, FI-01/1995, FR-01/1958, GB-01/1973->01/2020, GR-01/1981, HR-07/2013, HU-05/2004, IE-01/1973, IT-01/1958, LT-05/2004, LU-01/1958, LV-05/2004, MT-05/2004, NL-01/1958, PL-05/2004, PT-01/1986, RO-01/2007, SE-01/1995, SI-05/2004, SK-05/2004)","Extra-EU",28112905,"Sulphur dioxide",1,"IMPORT",1,"Normal",201352,"Jan.-Dec. 2013",QUANTITY_IN_KG,"QUANTITY_IN_KG",485041
"European Union (AT-01/1995, BE-01/1958, BG-01/2007, CY-05/2004, CZ-05/2004, DE-01/1958, DK-01/1973, EE-05/2004, ES-01/1986, FI-01/1995, FR-01/1958, GB-01/1973->01/2020, GR-01/1981, HR-07/2013, HU-05/2004, IE-01/1973, IT-01/1958, LT-05/2004, LU-01/1958, LV-05/2004, MT-05/2004, NL-01/1958, PL-05/2004, PT-01/1986, RO-01/2007, SE-01/1995, SI-05/2004, SK-05/2004)","Extra-EU",28112905,"Sulphur dioxide",1,"IMPORT",1,"Normal",201452,"Jan.-Dec. 2014",VALUE_IN_EUR,"VALUE_IN_EUR",434316
"European Union (AT-01/1995, BE-01/1958, BG-01/2007, CY-05/2004, CZ-05/2004, DE-01/1958, DK-01/1973, EE-05/2004, ES-01/1986, FI-01/1995, FR-01/1958, GB-01/1973->01/2020, GR-01/1981, HR-07/2013, HU-05/2004, IE-01/1973, IT-01/1958, LT-05/2004, LU-01/1958, LV-05/2004, MT-05/2004, NL-01/1958, PL-05/2004, PT-01/1986, RO-01/2007, SE-01/1995, SI-05/2004, SK-05/2004)","Extra-EU",28112905,"Sulphur dioxide",1,"IMPORT",1,"Normal",201452,"Jan.-Dec. 2014",QUANTITY_IN_KG,"QUANTITY_IN_KG",603018
"European Union (AT-01/1995, BE-01/1958, BG-01/2007, CY-05/2004, CZ-05/2004, DE-01/1958, DK-01/1973, EE-05/2004, ES-01/1986, FI-01/1995, FR-01/1958, GB-01/1973->01/2020, GR-01/1981, HR-07/2013, HU-05/2004, IE-01/1973, IT-01/1958, LT-05/2004, LU-01/1958, LV-05/2004, MT-05/2004, NL-01/1958, PL-05/2004, PT-01/1986, RO-01/2007, SE-01/1995, SI-05/2004, SK-05/2004)","Extra-EU",28112905,"Sulphur dioxide",1,"IMPORT",1,"Normal",201552,"Jan.-Dec. 2015",VALUE_IN_EUR,"VALUE_IN_EUR",489217
"European Union (AT-01/1995, BE-01/1958, BG-01/2007, CY-05/2004, CZ-05/2004, DE-01/1958, DK-01/1973, EE-05/2004, ES-01/1986, FI-01/1995, FR-01/1958, GB-01/1973->01/2020, GR-01/1981, HR-07/2013, HU-05/2004, IE-01/1973, IT-01/1958, LT-05/2004, LU-01/1958, LV-05/2004, MT-05/2004, NL-01/1958, PL-05/2004, PT-01/1986, RO-01/2007, SE-01/1995, SI-05/2004, SK-05/2004)","Extra-EU",28112905,"Sulphur dioxide",1,"IMPORT",1,"Normal",201552,"Jan.-Dec. 2015",QUANTITY_IN_KG,"QUANTITY_IN_KG",764120
"European Union (AT-01/1995, BE-01/1958, BG-01/2007, CY-05/2004, CZ-05/2004, DE-01/1958, DK-01/1973, EE-05/2004, ES-01/1986, FI-01/1995, FR-01/1958, GB-01/1973->01/2020, GR-01/1981, HR-07/2013, HU-05/2004, IE-01/1973, IT-01/1958, LT-05/2004, LU-01/1958, LV-05/2004, MT-05/2004, NL-01/1958, PL-05/2004, PT-01/1986, RO-01/2007, SE-01/1995, SI-05/2004, SK-05/2004)","Extra-EU",28112905,"Sulphur dioxide",1,"IMPORT",1,"Normal",201652,"Jan.-Dec. 2016",VALUE_IN_EUR,"VALUE_IN_EUR",288846
"European Union (AT-01/1995, BE-01/1958, BG-01/2007, CY-05/2004, CZ-05/2004, DE-01/1958, DK-01/1973, EE-05/2004, ES-01/1986, FI-01/1995, FR-01/1958, GB-01/1973->01/2020, GR-01/1981, HR-07/2013, HU-05/2004, IE-01/1973, IT-01/1958, LT-05/2004, LU-01/1958, LV-05/2004, MT-05/2004, NL-01/1958, PL-05/2004, PT-01/1986, RO-01/2007, SE-01/1995, SI-05/2004, SK-05/2004)","Extra-EU",28112905,"Sulphur dioxide",1,"IMPORT",1,"Normal",201652,"Jan.-Dec. 2016",QUANTITY_IN_KG,"QUANTITY_IN_KG",457863
"European Union (AT-01/1995, BE-01/1958, BG-01/2007, CY-05/2004, CZ-05/2004, DE-01/1958, DK-01/1973, EE-05/2004, ES-01/1986, FI-01/1995, FR-01/1958, GB-01/1973->01/2020, GR-01/1981, HR-07/2013, HU-05/2004, IE-01/1973, IT-01/1958, LT-05/2004, LU-01/1958, LV-05/2004, MT-05/2004, NL-01/1958, PL-05/2004, PT-01/1986, RO-01/2007, SE-01/1995, SI-05/2004, SK-05/2004)","Extra-EU",28112905,"Sulphur dioxide",1,"IMPORT",1,"Normal",201752,"Jan.-Dec. 2017",VALUE_IN_EUR,"VALUE_IN_EUR",435024
"European Union (AT-01/1995, BE-01/1958, BG-01/2007, CY-05/2004, CZ-05/2004, DE-01/1958, DK-01/1973, EE-05/2004, ES-01/1986, FI-01/1995, FR-01/1958, GB-01/1973->01/2020, GR-01/1981, HR-07/2013, HU-05/2004, IE-01/1973, IT-01/1958, LT-05/2004, LU-01/1958, LV-05/2004, MT-05/2004, NL-01/1958, PL-05/2004, PT-01/1986, RO-01/2007, SE-01/1995, SI-05/2004, SK-05/2004)","Extra-EU",28112905,"Sulphur dioxide",1,"IMPORT",1,"Normal",201752,"Jan.-Dec. 2017",QUANTITY_IN_KG,"QUANTITY_IN_KG",504199
"European Union (AT-01/1995, BE-01/1958, BG-01/2007, CY-05/2004, CZ-05/2004, DE-01/1958, DK-01/1973, EE-05/2004, ES-01/1986, FI-01/1995, FR-01/1958, GB-01/1973->01/2020, GR-01/1981, HR-07/2013, HU-05/2004, IE-01/1973, IT-01/1958, LT-05/2004, LU-01/1958, LV-05/2004, MT-05/2004, NL-01/1958, PL-05/2004, PT-01/1986, RO-01/2007, SE-01/1995, SI-05/2004, SK-05/2004)","Extra-EU",28112905,"Sulphur dioxide",1,"IMPORT",1,"Normal",201852,"Jan.-Dec. 2018",VALUE_IN_EUR,"VALUE_IN_EUR",338641
"European Union (AT-01/1995, BE-01/1958, BG-01/2007, CY-05/2004, CZ-05/2004, DE-01/1958, DK-01/1973, EE-05/2004, ES-01/1986, FI-01/1995, FR-01/1958, GB-01/1973->01/2020, GR-01/1981, HR-07/2013, HU-05/2004, IE-01/1973, IT-01/1958, LT-05/2004, LU-01/1958, LV-05/2004, MT-05/2004, NL-01/1958, PL-05/2004, PT-01/1986, RO-01/2007, SE-01/1995, SI-05/2004, SK-05/2004)","Extra-EU",28112905,"Sulphur dioxide",1,"IMPORT",1,"Normal",201852,"Jan.-Dec. 2018",QUANTITY_IN_KG,"QUANTITY_IN_KG",497090
"European Union (AT-01/1995, BE-01/1958, BG-01/2007, CY-05/2004, CZ-05/2004, DE-01/1958, DK-01/1973, EE-05/2004, ES-01/1986, FI-01/1995, FR-01/1958, GB-01/1973->01/2020, GR-01/1981, HR-07/2013, HU-05/2004, IE-01/1973, IT-01/1958, LT-05/2004, LU-01/1958, LV-05/2004, MT-05/2004, NL-01/1958, PL-05/2004, PT-01/1986, RO-01/2007, SE-01/1995, SI-05/2004, SK-05/2004)","Extra-EU",28112905,"Sulphur dioxide",1,"IMPORT",1,"Normal",201952,"Jan.-Dec. 2019",VALUE_IN_EUR,"VALUE_IN_EUR",485075
"European Union (AT-01/1995, BE-01/1958, BG-01/2007, CY-05/2004, CZ-05/2004, DE-01/1958, DK-01/1973, EE-05/2004, ES-01/1986, FI-01/1995, FR-01/1958, GB-01/1973->01/2020, GR-01/1981, HR-07/2013, HU-05/2004, IE-01/1973, IT-01/1958, LT-05/2004, LU-01/1958, LV-05/2004, MT-05/2004, NL-01/1958, PL-05/2004, PT-01/1986, RO-01/2007, SE-01/1995, SI-05/2004, SK-05/2004)","Extra-EU",28112905,"Sulphur dioxide",1,"IMPORT",1,"Normal",201952,"Jan.-Dec. 2019",QUANTITY_IN_KG,"QUANTITY_IN_KG",481460
"European Union (AT-01/1995, BE-01/1958, BG-01/2007, CY-05/2004, CZ-05/2004, DE-01/1958, DK-01/1973, EE-05/2004, ES-01/1986, FI-01/1995, FR-01/1958, GB-01/1973->01/2020, GR-01/1981, HR-07/2013, HU-05/2004, IE-01/1973, IT-01/1958, LT-05/2004, LU-01/1958, LV-05/2004, MT-05/2004, NL-01/1958, PL-05/2004, PT-01/1986, RO-01/2007, SE-01/1995, SI-05/2004, SK-05/2004)","Extra-EU",28112905,"Sulphur dioxide",1,"IMPORT",1,"Normal",202052,"Jan.-Dec. 2020",VALUE_IN_EUR,"VALUE_IN_EUR",307914
"European Union (AT-01/1995, BE-01/1958, BG-01/2007, CY-05/2004, CZ-05/2004, DE-01/1958, DK-01/1973, EE-05/2004, ES-01/1986, FI-01/1995, FR-01/1958, GB-01/1973->01/2020, GR-01/1981, HR-07/2013, HU-05/2004, IE-01/1973, IT-01/1958, LT-05/2004, LU-01/1958, LV-05/2004, MT-05/2004, NL-01/1958, PL-05/2004, PT-01/1986, RO-01/2007, SE-01/1995, SI-05/2004, SK-05/2004)","Extra-EU",28112905,"Sulphur dioxide",1,"IMPORT",1,"Normal",202052,"Jan.-Dec. 2020",QUANTITY_IN_KG,"QUANTITY_IN_KG",479349
"European Union (AT-01/1995, BE-01/1958, BG-01/2007, CY-05/2004, CZ-05/2004, DE-01/1958, DK-01/1973, EE-05/2004, ES-01/1986, FI-01/1995, FR-01/1958, GB-01/1973->01/2020, GR-01/1981, HR-07/2013, HU-05/2004, IE-01/1973, IT-01/1958, LT-05/2004, LU-01/1958, LV-05/2004, MT-05/2004, NL-01/1958, PL-05/2004, PT-01/1986, RO-01/2007, SE-01/1995, SI-05/2004, SK-05/2004)","Extra-EU",28112905,"Sulphur dioxide",1,"IMPORT",1,"Normal",202152,"Jan.-Dec. 2021",VALUE_IN_EUR,"VALUE_IN_EUR",592658
"European Union (AT-01/1995, BE-01/1958, BG-01/2007, CY-05/2004, CZ-05/2004, DE-01/1958, DK-01/1973, EE-05/2004, ES-01/1986, FI-01/1995, FR-01/1958, GB-01/1973->01/2020, GR-01/1981, HR-07/2013, HU-05/2004, IE-01/1973, IT-01/1958, LT-05/2004, LU-01/1958, LV-05/2004, MT-05/2004, NL-01/1958, PL-05/2004, PT-01/1986, RO-01/2007, SE-01/1995, SI-05/2004, SK-05/2004)","Extra-EU",28112905,"Sulphur dioxide",1,"IMPORT",1,"Normal",202152,"Jan.-Dec. 2021",QUANTITY_IN_KG,"QUANTITY_IN_KG",751414
"European Union (AT-01/1995, BE-01/1958, BG-01/2007, CY-05/2004, CZ-05/2004, DE-01/1958, DK-01/1973, EE-05/2004, ES-01/1986, FI-01/1995, FR-01/1958, GB-01/1973->01/2020, GR-01/1981, HR-07/2013, HU-05/2004, IE-01/1973, IT-01/1958, LT-05/2004, LU-01/1958, LV-05/2004, MT-05/2004, NL-01/1958, PL-05/2004, PT-01/1986, RO-01/2007, SE-01/1995, SI-05/2004, SK-05/2004)","Extra-EU",28112905,"Sulphur dioxide",1,"IMPORT",1,"Normal",202252,"Jan.-Dec. 2022",VALUE_IN_EUR,"VALUE_IN_EUR",492865
"European Union (AT-01/1995, BE-01/1958, BG-01/2007, CY-05/2004, CZ-05/2004, DE-01/1958, DK-01/1973, EE-05/2004, ES-01/1986, FI-01/1995, FR-01/1958, GB-01/1973->01/2020, GR-01/1981, HR-07/2013, HU-05/2004, IE-01/1973, IT-01/1958, LT-05/2004, LU-01/1958, LV-05/2004, MT-05/2004, NL-01/1958, PL-05/2004, PT-01/1986, RO-01/2007, SE-01/1995, SI-05/2004, SK-05/2004)","Extra-EU",28112905,"Sulphur dioxide",1,"IMPORT",1,"Normal",202252,"Jan.-Dec. 2022",QUANTITY_IN_KG,"QUANTITY_IN_KG",585296
"European Union (AT-01/1995, BE-01/1958, BG-01/2007, CY-05/2004, CZ-05/2004, DE-01/1958, DK-01/1973, EE-05/2004, ES-01/1986, FI-01/1995, FR-01/1958, GB-01/1973->01/2020, GR-01/1981, HR-07/2013, HU-05/2004, IE-01/1973, IT-01/1958, LT-05/2004, LU-01/1958, LV-05/2004, MT-05/2004, NL-01/1958, PL-05/2004, PT-01/1986, RO-01/2007, SE-01/1995, SI-05/2004, SK-05/2004)","Extra-EU",28112905,"Sulphur dioxide",1,"IMPORT",1,"Normal",202352,"Jan.-Dec. 2023",VALUE_IN_EUR,"VALUE_IN_EUR",554733
"European Union (AT-01/1995, BE-01/1958, BG-01/2007, CY-05/2004, CZ-05/2004, DE-01/1958, DK-01/1973, EE-05/2004, ES-01/1986, FI-01/1995, FR-01/1958, GB-01/1973->01/2020, GR-01/1981, HR-07/2013, HU-05/2004, IE-01/1973, IT-01/1958, LT-05/2004, LU-01/1958, LV-05/2004, MT-05/2004, NL-01/1958, PL-05/2004, PT-01/1986, RO-01/2007, SE-01/1995, SI-05/2004, SK-05/2004)","Extra-EU",28112905,"Sulphur dioxide",1,"IMPORT",1,"Normal",202352,"Jan.-Dec. 2023",QUANTITY_IN_KG,"QUANTITY_IN_KG",472677
"European Union (AT-01/1995, BE-01/1958, BG-01/2007, CY-05/2004, CZ-05/2004, DE-01/1958, DK-01/1973, EE-05/2004, ES-01/1986, FI-01/1995, FR-01/1958, GB-01/1973->01/2020, GR-01/1981, HR-07/2013, HU-05/2004, IE-01/1973, IT-01/1958, LT-05/2004, LU-01/1958, LV-05/2004, MT-05/2004, NL-01/1958, PL-05/2004, PT-01/1986, RO-01/2007, SE-01/1995, SI-05/2004, SK-05/2004)","Extra-EU",28112905,"Sulphur dioxide",1,"IMPORT",1,"Normal",202452,"Jan.-Dec. 2024",VALUE_IN_EUR,"VALUE_IN_EUR",547492
"European Union (AT-01/1995, BE-01/1958, BG-01/2007, CY-05/2004, CZ-05/2004, DE-01/1958, DK-01/1973, EE-05/2004, ES-01/1986, FI-01/1995, FR-01/1958, GB-01/1973->01/2020, GR-01/1981, HR-07/2013, HU-05/2004, IE-01/1973, IT-01/1958, LT-05/2004, LU-01/1958, LV-05/2004, MT-05/2004, NL-01/1958, PL-05/2004, PT-01/1986, RO-01/2007, SE-01/1995, SI-05/2004, SK-05/2004)","Extra-EU",28112905,"Sulphur dioxide",1,"IMPORT",1,"Normal",202452,"Jan.-Dec. 2024",QUANTITY_IN_KG,"QUANTITY_IN_KG",609278
